Ticker,Close,SMA_20,SMA_50,SMA_200,Return_5D,Return_20D,Volatility,RSI,Volume_20,ATR,EntryScore,Signal
HOOD,116.43000030517578,103.10850105285644,88.98020050048828,102.26442497253419,0.0716060623104895,0.3898771036278015,0.04222849467628547,60.59633947528957,32478808.0,6.514213562011719,6,BUY
TECH,71.08000183105469,63.25299987792969,55.196672439575195,58.30831657409668,0.0011267863528829913,0.3063775414517935,0.04973708898403207,85.89288323511049,8116378.4,1.9921430860246931,5,BUY
PANW,336.9400939941406,307.0905059814453,264.16440155029295,204.1386505126953,-0.04289260931788219,0.2933368194501893,0.03512370093270493,68.18153012932453,7677851.1,16.857147216796875,4,HOLD
AXON,576.594970703125,498.56524963378905,450.3959008789063,530.4616261291504,-0.029236060723175528,0.2742148422346924,0.04519273120452928,73.12643027430019,1179017.15,37.179290771484375,4,HOLD
GPC,125.26000213623047,113.74700088500977,105.35740066528321,119.1989949798584,0.06695060058086066,0.2600341768619605,0.03476257386212991,72.16304149628036,2118338.85,4.88642828805106,4,HOLD
DASH,191.8350067138672,176.52675094604493,167.18510040283203,197.67877479553223,0.015698690492579326,0.23231842339763364,0.03473964132163194,74.92146869164269,5161905.7,8.649641854422432,4,HOLD
CRWD,198.14999389648438,179.48999938964843,161.74654998779297,127.18561256408691,0.025700734532373426,0.22897056205663668,0.02529136778678486,76.06008581947619,11216240.3,9.462084089006696,5,BUY
AAL,17.19499969482422,16.5727499961853,14.500100059509277,13.440225024223327,-0.05261707679216954,0.22036902119309332,0.03505453098244691,67.62661712735374,152608929.55,0.7642857687813895,5,BUY
CRL,230.83999633789062,206.4114990234375,184.8257992553711,181.92830039978028,0.007638919324171933,0.21590723685320934,0.027078688269890253,84.48522184055949,860073.9,8.890712193080358,5,BUY
ANET,184.89999389648438,166.54649963378907,159.91699920654298,143.74144954681395,0.10971071489013151,0.21516817459519988,0.04179788362926601,60.54048969253999,8435356.3,10.942926679338727,6,BUY
DELL,457.3599853515625,413.61799774169924,340.28399780273435,192.14690410614014,0.07550848995076431,0.19796738125078583,0.03721322903356172,59.45797678903443,8060222.55,32.60499790736607,6,BUY
AMAT,594.72998046875,603.74599609375,503.6748779296875,346.67432403564453,-0.08630992763004841,0.1913423021347267,0.0659542370799523,50.170841545115024,12933609.9,54.84928240094866,4,HOLD
ILMN,190.3350067138672,174.55874938964843,157.9864993286133,132.01347507476805,0.035048166543098835,0.18937079401197177,0.026698913067818002,76.87743533618828,2110451.3,7.304999215262277,4,HOLD
FTNT,163.44000244140625,151.05050048828124,132.8315998840332,94.73025001525879,0.02805388623554106,0.18101021144763108,0.02286710935292135,71.4063911577555,6417948.85,6.5114321027483255,5,BUY
DDOG,268.4100036621094,240.31749954223633,218.32619995117187,158.56955032348634,0.014859318332319571,0.1806545613873296,0.026767000733237085,77.65421899207973,4618653.95,12.50650133405413,5,BUY
GEV,1085.324951171875,1054.6894256591797,1038.521884765625,803.3233520507813,-0.04321860578234604,0.18011136021084106,0.04519071720973169,53.1013695524022,3308752.35,65.00384085518974,5,BUY
SNDK,1937.845947265625,1972.689794921875,1671.563916015625,736.5593297958374,-0.04643888200982871,0.1769200270216249,0.09988970145032891,49.59373422565255,11873100.1,243.12213134765625,4,HOLD
UAL,128.99000549316406,125.03400115966797,110.0270004272461,103.83860000610352,-0.045437720474983845,0.17659407757708845,0.035568836903681574,69.05037696356356,5693540.95,5.149286542619977,4,HOLD
JKHY,149.25999450683594,134.28949966430665,138.13399963378907,158.71541900634764,0.04802693740928654,0.17204551468579088,0.019846083703534682,89.57017358569183,1724362.45,4.807855333600726,3,SELL
ZS,147.1999969482422,134.19999961853028,142.57459884643555,202.27152503967284,0.005121201882066773,0.16973936134739098,0.026177422563877877,75.31057049044269,3747142.35,7.133920397077288,2,SELL
AJG,252.5800018310547,228.6719985961914,214.34699951171876,238.53481399536133,0.053865747739560765,0.16369499322616643,0.021461157623406,76.17273987082443,2017719.75,7.239281790597098,5,BUY
NET,274.75,238.30899887084962,230.1025994873047,209.12189994812013,0.11546426342130411,0.16355395044502696,0.032347501181795746,81.67505516624573,3355837.65,12.749916076660156,5,BUY
GPN,73.80999755859375,69.8965675354004,69.83642768859863,74.38508502960205,-0.0165223909759058,0.1611511503732257,0.0289196121469522,65.3608377809351,3856261.4,2.797856194632394,4,HOLD
ZBRA,271.6300048828125,248.25750045776368,243.12519958496094,248.8120502471924,0.014112371451042716,0.15982070205936982,0.030490624496304918,75.21199553205369,822975.15,10.462139674595424,5,BUY
TTWO,245.0500030517578,237.90500183105468,229.48580078125,230.9379502105713,-0.021053068545316633,0.15562367142218458,0.0233162368845797,64.70791919540349,2958494.2,9.673929486955915,5,BUY
SCHW,102.41000366210938,93.94299926757813,91.28534851074218,94.3699195098877,0.06922118362195673,0.15365559913095206,0.01828889056216874,68.21956045820004,11665806.0,2.598571232386998,5,BUY
LUV,49.40999984741211,48.70450019836426,43.639508438110354,40.297118034362796,-0.021002602489658684,0.1495428510520429,0.025800013526191382,62.81453466751706,6837244.0,1.8307146344866072,5,BUY
CMG,34.345001220703125,32.79275016784668,32.257100143432616,35.401175079345705,-0.01871425083705358,0.14943113070094105,0.02635399878720668,60.54306935468313,19420304.1,1.1989289692470007,4,HOLD
PGR,229.7449951171875,216.68030242919923,205.55932739257813,208.11774421691894,0.020182052533463724,0.1484885694762843,0.01883707823392851,72.094441045711,3635452.35,6.532401758792127,5,BUY
MOH,233.0500030517578,213.53899841308595,197.98340026855467,170.86825023651124,0.0021500752244183463,0.14769036665880164,0.02656504832809283,83.94859507924986,1063690.0,9.449998038155693,5,BUY
ALL,249.14500427246094,234.2022506713867,222.66569976806642,209.4390619659424,0.02478203881325891,0.14718211932348146,0.01650572585752816,78.76503960577237,1900437.95,6.156430925641741,5,BUY
EXPE,264.79998779296875,250.2259994506836,237.67139556884766,242.43995346069335,0.0009827596569489394,0.1460226373707072,0.03303956354881983,63.2937995806913,1603619.15,11.453570774623326,6,BUY
AMD,544.9210815429688,525.5890502929688,477.16602111816405,285.664255065918,0.00747129977753902,0.1459718415003628,0.05253035583517299,55.128848674960985,30250258.9,38.645717075892854,5,BUY
DVA,227.0449981689453,217.26024856567383,199.22629974365233,148.17352474212646,-0.00431960976899759,0.14559258979811496,0.013508543976080239,71.03614696469678,857243.75,6.537854875837054,4,HOLD
BRO,67.68499755859375,63.09975032806396,59.72558876037598,72.61194765090943,0.00482477650382096,0.1450684631991106,0.023085241589842435,72.58950240843424,2953259.05,2.0899996076311385,3,HOLD
MTCH,39.5,36.470072746276855,36.12755905151367,33.04449634552002,0.03819176937271074,0.1437452151515295,0.024492666252836387,72.47709153474867,3879998.1,1.349202840624954,5,BUY
INCY,117.97000122070312,109.30400085449219,102.43039993286133,98.57005012512207,0.03655218127886917,0.1427879239023535,0.027024349427388874,82.67906811047173,2059598.9,3.6835714067731584,5,BUY
WDC,586.3400268554688,617.9245010375977,542.6109979248047,299.62848426818846,-0.020104564667155045,0.1325428031280107,0.0781017754543067,39.030646379454325,10597507.35,65.26856776646206,3,HOLD
BALL,61.36000061035156,59.93350028991699,57.95160018920898,55.96986705780029,-0.0063157795894484,0.13252123043066644,0.01632986483085973,66.33752059731177,3110803.9,1.645714351109096,5,BUY
TROW,118.19999694824219,111.38921546936035,105.99881469726563,99.12843967437745,0.01800014061583166,0.12943355437635806,0.015304748869078592,72.52009704809213,2370977.75,3.054285866873605,5,BUY
WELL,232.9949951171875,221.7757484436035,215.67333953857423,197.64980278015136,0.01218555387302378,0.12683169851933584,0.016212773936514272,80.12302981783647,3675631.6,5.443930489676339,5,BUY
GL,179.18499755859375,173.76298141479492,161.84125823974608,144.74578323364258,-0.0030920690885539726,0.12667557601590906,0.009242447957126147,73.6145744686428,695814.35,3.648586040942813,5,BUY
TRV,336.8699951171875,321.5094985961914,307.84605712890624,291.22875091552737,0.00672404528370163,0.1266555020641722,0.011705300516890624,76.00473069074269,2158528.55,7.626547677176339,5,BUY
GLW,195.89500427246094,200.34875030517577,190.00636444091796,129.12726596832275,-0.11211077397876845,0.12622169439402242,0.07588608170776065,54.89713779652297,17244707.85,23.152143205915177,4,HOLD
RJF,169.52000427246094,156.77954177856446,153.62534545898438,157.00443084716798,0.0716227426271856,0.12389695929609346,0.01861094818684168,64.78024906740256,1578420.6,4.336651747938951,6,BUY
LYV,182.67999267578125,176.92600021362304,169.0170004272461,154.3989008331299,-0.00706600218473219,0.12307874439286892,0.014825083127480787,70.54490642189671,2811714.0,5.203929356166294,4,HOLD
ETSY,77.08000183105469,74.6435001373291,68.10740020751953,60.74482507705689,0.05835507199160617,0.12100057353605442,0.02726233505244362,58.107595165157086,2945408.0,3.0771424429757253,5,BUY
CTVA,84.06999969482422,80.80450057983398,80.2368002319336,73.38484493255615,0.0063442515380480735,0.12078385949302217,0.012062501469811592,73.32867919034913,4510457.0,2.1034300667898997,4,HOLD
ACGL,101.26000213623047,95.90349998474122,94.15899993896484,93.90394989013672,0.02749872146680077,0.12000882684034564,0.013660068863277301,74.14450024326221,2113160.8,2.2360709054129466,5,BUY
BAX,22.43000030517578,21.20649995803833,19.413103294372558,19.522813582420348,0.03411709326406953,0.11982024644314726,0.025987280470535334,72.22221602551161,6813620.5,0.7528574807303292,5,BUY
AMP,502.9949951171875,470.9307495117188,464.27815612792966,470.805950012207,0.048605326045285,0.11978225780481333,0.019977394911520764,62.52371077328349,781385.2,14.065713065011161,6,BUY
STT,181.07000732421875,170.45456314086914,160.44518463134764,132.93594108581544,0.06718930440443649,0.11467858151642107,0.016420878038456106,65.44375377689903,2685505.8,4.957395511353155,6,BUY
ABNB,146.40499877929688,141.87774963378905,138.2077001953125,130.5206498336792,-0.006143498705421524,0.11461737324866639,0.02315630205574076,57.254186119984546,3723466.6,4.775145394461496,6,BUY
WTW,289.69000244140625,267.7050971984863,260.87842437744143,299.75702461242673,0.05326495579311907,0.11328101269266933,0.019538233341584627,72.87945450762221,669102.1,7.672925297786335,4,HOLD
IQV,207.34500122070312,188.25224838256835,179.2580993652344,195.77677474975587,0.020398643379491377,0.11326175152055362,0.027964127229188684,84.20220103474645,1575824.95,7.494999476841518,5,BUY
USB,61.810001373291016,59.722504234313966,56.51160957336426,52.49379619598389,-0.002420879815978383,0.11279875209236256,0.015394837843750954,72.07555216686278,9799735.1,1.2182929317286835,5,BUY
AIZ,278.1300048828125,267.02049713134767,254.20038604736328,231.01104095458984,0.014554570734563566,0.10813179328125733,0.010385676862214317,73.41918031439506,383466.75,5.627144949776786,5,BUY
SHOP,122.31999969482422,114.04599952697754,111.87279998779297,135.6413999557495,0.005672962731131381,0.10777034706767163,0.03010609960763719,69.39222034219382,8540347.75,5.561786651611328,4,HOLD
AMCR,43.0099983215332,42.03699951171875,39.59746086120605,40.84643270492554,-0.014436321652760431,0.10764862975451939,0.022400774347640307,61.40528479318669,3398188.85,1.274284907749721,5,BUY
VLO,279.80999755859375,257.3565017700195,252.1145053100586,206.1008130645752,0.038487214308285944,0.1025691500689705,0.026596342718080042,75.29692832632897,3277042.45,9.688219342912946,5,BUY
ABBV,248.2949981689453,239.19524917602538,222.87850006103517,220.4938678741455,-0.011013301268765985,0.10147724330498797,0.023931987888705163,69.72811572254741,9228263.4,7.6121401105608255,4,HOLD
SBUX,107.08499908447266,102.54475021362305,102.27411224365234,92.32387966156006,0.035738463261797415,0.09932240076618193,0.015780870163275486,70.01931633462249,7578128.7,2.640001024518694,5,BUY
BBWI,20.114999771118164,20.887749767303468,19.407899856567383,20.975846304893494,-0.10080469304946671,0.09918036118722551,0.04018381513851692,48.12146323353148,5826695.2,1.2589287076677596,4,HOLD
RKT,14.46500015258789,14.375250053405761,14.138900012969971,16.877074990272522,-0.08738171580746734,0.09749619253859132,0.04794147978438593,59.174648036590725,35972859.75,0.9332143238612584,4,HOLD
MELI,1801.0450439453125,1680.905743408203,1681.886708984375,1929.9092279052734,0.03378225366836651,0.09742194937469417,0.02240591872215891,72.38576139156496,449894.75,56.964285714285715,3,SELL
MTD,1275.9825439453125,1213.924627685547,1180.1810473632813,1313.6627111816406,-0.018761793357241485,0.09734560933638026,0.01928095496274721,75.238906665152,217331.25,36.016060965401785,3,HOLD
CAH,232.75999450683594,230.5725524902344,209.97311065673827,201.87517417907713,-0.02086491119130629,0.09684807230637049,0.012858259907791372,59.654602885874326,2522526.4,5.956599715780237,5,BUY
IP,37.404998779296875,37.101749897003174,34.10521842956543,38.3866983795166,-0.024387098841153865,0.09627784144923623,0.032373480478180734,57.7958562426041,6051211.5,1.214285441807338,4,HOLD
MPC,282.9750061035156,258.5772476196289,255.00153686523439,211.12256660461426,0.06835432974700617,0.09616506989725448,0.022224081952810632,82.95677705612101,2411023.2,7.980709620884487,5,BUY
SWK,87.62999725341797,87.68250045776367,81.39972976684571,75.24176914215087,-0.040617464782332524,0.09373432662739534,0.03263225795124603,58.57712271837814,1774112.7,3.397857121058873,5,BUY
VRTX,486.7850036621094,479.06725158691404,453.07530029296873,446.3209747314453,-0.02253971985181258,0.09200936729542719,0.02286686915094643,60.37398357315255,1996159.4,16.77213614327567,5,BUY
DAL,88.63500213623047,87.59225006103516,79.65211120605468,68.41078941345215,-0.04754991982002954,0.09196752661922791,0.02680917166100802,66.69280938329385,8435122.0,2.9428558349609375,5,BUY
JNJ,258.7900085449219,247.01449966430664,235.02494262695313,218.76387344360353,0.018938549879112587,0.09194096432456478,0.01987095182543569,67.66269257335054,8882974.3,6.704279218401227,5,BUY
HUM,395.42999267578125,379.4037796020508,327.74372161865233,253.96293228149415,-0.03417033924362001,0.09136773014261079,0.018695956281337064,72.85824863728004,1455110.3,13.970162582569303,4,HOLD
BAC,59.35499954223633,57.48024997711182,54.19249984741211,52.48975894927978,0.01704933038859968,0.0906836005023457,0.013084668703085037,64.92340579713066,34938551.05,1.1885722024100167,6,BUY
AXP,346.1099853515625,338.3300262451172,323.1219598388672,336.40587203979493,-0.0027085505675540356,0.09007288982252937,0.01761257781073338,55.32249769210738,3220152.05,8.77922739620191,5,BUY
HCA,407.7200012207031,393.04808807373047,399.7964739990234,458.5633911132812,0.03682232566860222,0.08972294960127747,0.018772541394508565,61.805902969904565,1525135.9,10.808569771902901,3,SELL
COF,199.60000610351562,198.185498046875,190.99303314208984,206.82031867980956,-0.025485797451613945,0.0886283035672526,0.02466780826080084,48.55123372292027,4831537.2,6.063570295061384,4,HOLD
GE,359.2500915527344,358.3493713378906,325.221630859375,310.04725555419924,-0.04065207813906546,0.08854221666747741,0.019849517831493448,52.30850094573636,5045877.15,9.453957818390197,5,BUY
FFIV,429.7850036621094,401.3412490844727,381.84949951171876,304.7939752197266,0.013213756148589217,0.08743008302822575,0.018198551308339896,73.93530030083275,610506.8,13.583565848214286,5,BUY
PYPL,45.06999969482422,43.24150047302246,44.46519996643067,53.181199073791504,0.02269117329078285,0.08707189315167052,0.02130700436235928,64.64249819726581,16031760.6,1.41507203238351,4,SELL
NRG,141.09500122070312,137.25125007629396,137.84544784545898,154.8920273208618,0.0020951574044842936,0.08568016260072864,0.028926817741242346,60.22351019305874,2848498.4,5.745714460100446,3,SELL
DLTR,121.74500274658203,117.39475059509277,106.20870071411133,110.76292499542237,0.004911277038457396,0.08555506990777029,0.02646381713702541,72.95314495207334,3720889.0,4.589285714285714,5,BUY
MU,1014.8900146484375,1050.2218658447266,889.8872937011719,460.3417079162598,-0.016695055716417606,0.08457841440862279,0.07665907419898116,48.454094066490605,54224510.5,102.6430452710213,4,HOLD
ERIE,246.5,234.13749084472656,223.95895782470703,263.90268592834474,-0.005453724971849816,0.08437820018161335,0.025003467580364792,68.05697573917348,240770.35,8.337464740127185,3,HOLD
VST,158.3249969482422,157.0625991821289,153.90688751220702,167.08432495117188,0.033722859510551206,0.08430253792529485,0.02931534853248808,49.70345922120416,4316711.05,7.010558051521907,4,HOLD
GD,372.9200134277344,357.01673431396483,347.2142700195312,342.91867752075194,0.03224741818679444,0.08354918879961071,0.019596476258637717,58.30051604009819,1391758.95,8.456279158855766,6,BUY
EBAY,117.63999938964844,110.42150001525879,110.04816146850585,94.3633644104004,0.05715313335836236,0.08264306483426398,0.018321311835887838,71.39098157159653,3246803.5,3.1378571646554128,5,BUY
FITB,56.650001525878906,54.978567123413086,51.57613204956055,47.38718919754028,-0.014611238964400974,0.08237367649278604,0.017033466236786324,73.03355578799648,7629159.2,1.2289576472085595,4,HOLD
AAPL,314.4700927734375,296.82850494384763,296.7947802734375,271.7880729675293,0.06824542277802625,0.08232698669914584,0.02205379698413505,62.8042363318882,64540893.4,8.887863159179688,6,BUY
CINF,176.31500244140625,177.73688430786132,168.41380432128906,162.15811462402343,-0.05819669826257168,0.08210508808472405,0.018023398327626273,56.686910129617004,940442.5,4.7241761444918335,5,BUY
LRCX,353.44500732421875,372.88756561279297,327.16203033447266,226.84187339782716,-0.0966492907467299,0.0811039432799896,0.06583060288430218,46.71441752145597,14504586.95,31.635716029575892,4,HOLD
CCEP,104.70999908447266,100.9875,96.04986938476563,92.99265045166015,-0.013100842692165271,0.08093316935688066,0.01641264229743784,74.436564502532,1946026.85,2.332857404436384,4,HOLD
REGN,666.0250244140625,628.4567504882813,650.1365270996093,699.9282412719726,0.06611770977074505,0.08089362253037069,0.017481515947093622,74.40658521813202,1015695.15,16.470711844308035,3,SELL
MCO,486.20001220703125,461.73900451660154,454.02302612304686,469.30056381225586,0.03804604624118668,0.08058854418117001,0.021101299270088573,63.99104696044705,1065899.85,13.748426164899554,5,BUY
AIG,79.33999633789062,76.46240196228027,75.7949235534668,76.73179424285888,0.03590547240488018,0.08045512458803383,0.015145794710324846,65.28427523580945,4459668.0,1.8600011553083147,5,BUY
PNC,250.7449951171875,241.83774948120117,228.3656997680664,210.3671875,-0.0034774660876711883,0.07995952720754285,0.014859494074648809,71.68534741533928,2422463.1,5.0200010027204245,5,BUY
NTRS,184.1699981689453,175.44499893188475,169.7002001953125,146.3407369995117,0.04880405334597593,0.07954274079683077,0.015359762153166848,65.98473064347164,1056904.55,4.0200010027204245,6,BUY
KLAC,230.89999389648438,247.32889938354492,211.85393493652344,154.1858674621582,-0.13257450776232627,0.07928968676391657,0.07459281720272876,48.370989313513135,16197563.0,23.175713675362722,4,HOLD
POOL,207.6649932861328,203.6427490234375,193.5562356567383,231.57514419555665,-0.037206217554999976,0.07922770638321253,0.022016587938644472,62.77196479233109,1171090.8,7.627142769949777,4,HOLD
BEN,33.939998626708984,33.00516328811646,31.644765586853026,25.735989532470704,-0.003523274860350867,0.07800746715467888,0.016930299545581104,57.875314036681566,4474753.1,1.0126968202578281,6,BUY
JPM,335.45001220703125,328.02876434326174,313.2888629150391,305.983694152832,0.008654384640153445,0.07758611477892341,0.01610096929797377,53.188787689441845,10331152.35,7.662588462174581,6,BUY
WRB,71.77999877929688,69.36447563171387,67.26860847473145,69.15041749954224,0.015850482014453826,0.0774657541070849,0.013953106887831267,67.87833093437516,2009605.35,1.609246901355265,6,BUY
CB,349.189697265625,338.6780746459961,328.1893298339844,311.53328399658204,-0.007222339980542225,0.07735123845629333,0.015493663933837646,64.42033230475323,1625811.6,8.029645647321429,5,BUY
GDDY,87.87000274658203,81.63449974060059,85.05759963989257,104.11405014038085,0.011045898561976353,0.07723431500953604,0.03354135524390685,68.84614528754362,2641502.65,3.910142626081194,3,SELL
TXN,310.83160400390625,302.25007781982424,298.56258666992187,216.46022972106934,0.0416259515075168,0.0769206206752755,0.041485027677989304,52.96191474803842,10031455.9,17.014277866908483,5,BUY
TRI,88.62999725341797,83.03900108337402,85.5841111755371,109.63628921508788,0.043811016733810604,0.07665206003384473,0.02543033551548777,67.94184149718217,1985815.65,3.591430119105748,3,SELL
BBY,79.76000213623047,76.6381820678711,68.27287841796876,68.17345588684083,0.03275927320116745,0.07589723513539348,0.01900588921169118,74.14448558900787,3794724.25,2.419999803815569,5,BUY
STX,909.5599975585938,949.0347045898437,862.0404992675781,468.94185691833496,-0.006151733375357682,0.07588386872081099,0.06107016363004161,38.43158937039027,5023875.55,89.94168575342678,3,HOLD
HIG,138.69500732421875,132.79425125122071,132.70550048828125,133.60875877380371,0.03588772840745724,0.07540517958803039,0.012083440440065752,71.78253474060082,1751550.45,2.557143075125558,5,BUY
RVTY,111.93000030517578,106.42649993896484,100.3136003112793,97.04165981292725,-0.008064481232256782,0.07490639832415624,0.026526944332010645,73.92336043074378,1497335.5,4.162144252232143,5,BUY
GILD,133.9250030517578,127.18350105285644,129.25804656982422,128.9067646408081,0.06314997026250158,0.07414485000213866,0.022076992546457053,65.97550999745735,8671610.5,3.703493390764509,5,BUY
RTX,194.99000549316406,189.0905014038086,181.18782958984374,183.580894241333,0.016737963991549032,0.07397008215004042,0.020917825101878333,52.95271233311049,5157417.65,4.7157167707170755,5,BUY
L,114.79499816894531,111.5497501373291,108.6448860168457,106.12697467803955,0.0059147862435842136,0.07335204716742227,0.010534684086207599,72.70987672659956,904971.0,2.104998997279576,5,BUY
SPGI,430.9049987792969,403.488996887207,399.33674255371096,435.26498611450194,0.038400360295246294,0.07214015496944448,0.028574835529161412,64.98827927096497,2743472.65,14.866455078125,4,HOLD
RF,30.645000457763672,29.613250064849854,28.497099990844728,27.030459804534914,-0.0050324280239062436,0.0715034982173961,0.01413779062155897,70.89007950155644,10444157.25,0.6500001634870257,5,BUY
SHW,332.4599914550781,330.65099945068357,317.23410461425783,332.05656723022463,-0.0392717723371836,0.0705522605807214,0.01981959907897067,63.27924349807864,2792303.0,9.642865862165179,5,BUY
HBAN,17.844999313354492,17.47422342300415,16.570771942138673,16.43632294178009,-0.014632870682820265,0.07051966307401769,0.015253575347831779,66.61100645632966,22036301.2,0.41642883845738005,6,BUY
SYY,82.44999694824219,80.87938117980957,76.6958349609375,77.2882473373413,-0.006387066842436395,0.07023189922858708,0.011416015691479167,67.05971677837036,3702869.55,1.7090408383054683,5,BUY
VLTO,92.0250015258789,87.06414566040038,86.34730972290039,94.44655521392822,0.01865181820116546,0.06964547018451839,0.01702431817295484,77.24318776779559,2495346.95,2.403184219863115,4,HOLD
YUM,162.13499450683594,157.26275177001952,154.05512176513673,152.77166748046875,0.003372722206179679,0.06928041473151869,0.01465575769934942,63.81226399069682,2431068.2,3.850355965750558,6,BUY
HWM,274.7900085449219,271.8015022277832,262.22724517822263,229.16028579711914,0.027598088260518683,0.06855655868623,0.021059998887046318,40.34323584457666,3567481.6,9.2835693359375,4,HOLD
GIS,36.01499938964844,35.1832498550415,34.37210014343262,41.208816089630126,-0.046465476485174184,0.0680604414550332,0.02805620719292246,61.59894648357897,11178045.7,1.2671435219900948,4,HOLD
WMB,75.83499908447266,73.93101501464844,73.94890808105468,66.83826808929443,0.04211904057712079,0.06711839186830226,0.016397722258550247,64.76650123618293,7718526.65,2.1328560965401784,4,SELL
DG,116.02999877929688,114.66298866271973,110.59326522827149,120.29085697174072,0.012341913560741657,0.0662076058414578,0.023236207237224915,64.4210293264315,2918933.65,3.718076092898386,4,HOLD
V,346.4700012207031,336.7210006713867,329.1206036376953,328.07583053588866,-0.013130869112112142,0.06589759800691719,0.01442284227525352,63.77803039211843,9421042.9,8.504625592912946,5,BUY
KVUE,19.094999313354492,18.764749908447264,17.893608932495116,17.00008052825928,-0.01215730011790439,0.06556915357466608,0.014767108990922841,64.92432526597922,19866615.7,0.4095715114048549,5,BUY
ES,73.91500091552734,71.5392505645752,69.65473114013672,68.81459743499755,0.023753518556442366,0.06490414948468337,0.012995672556017766,69.7363167541649,2823284.25,1.4092777797154017,5,BUY
RHI,32.689998626708984,31.91099977493286,29.139508323669432,27.059599990844728,-0.008492647365093697,0.06482077571059297,0.03943277538565745,51.397012785563334,2377906.9,1.619999885559082,5,BUY
APH,163.77000427246094,161.96580429077147,146.95076416015624,139.21393920898439,-0.049065131159843345,0.06456199522273631,0.02885576490275162,52.40198966479396,8964983.55,7.553206973779881,5,BUY
MNST,95.90499877929688,94.64624977111816,88.66949996948242,78.21507516860962,-0.014843345839479882,0.06383801615095819,0.01030417773490892,66.54969250409579,5968957.7,2.109999520438058,6,BUY
PSX,190.41000366210938,174.85249938964844,175.71164337158203,152.71124851226807,0.09117480608658668,0.06374303721848817,0.020881205738475534,79.85612356953746,2905923.9,5.180520193917411,4,SELL
EIX,74.88999938964844,72.91225318908691,70.73917572021485,63.61272497177124,0.031007047643515362,0.0634158179059574,0.013188480102162036,69.05593520017175,2344766.45,1.4671497774707052,5,BUY
IBM,294.8500061035156,275.8984970092773,260.26509338378906,272.36416374206544,0.030043689444596122,0.06256087239211006,0.02651222003876443,67.12328326608106,7933053.6,12.737282889229911,5,BUY
ROP,355.44000244140625,340.19389190673826,336.58629333496094,392.7261064147949,0.004656140098760586,0.06250241746147944,0.01648611934575761,71.72835284636,1305914.45,10.757602954950313,3,HOLD
MKC,51.20000076293945,49.23651695251465,48.026670150756836,58.62611297607422,-0.023550139860511243,0.06238864499305463,0.024143110830070227,67.55786036183136,5292506.65,1.8289677934573554,4,HOLD
WFC,87.11000061035156,84.40349998474122,80.41850204467774,83.78116897583008,0.013614127713610591,0.062317080614043396,0.015797928333350766,60.7421970072509,14261065.95,1.9407157897949219,6,BUY
WST,355.3374938964844,343.6853744506836,324.41234985351565,277.67222595214844,-0.026472619461686664,0.06178655951743828,0.012044004306753725,78.4132113667922,818199.6,8.336037772042411,4,HOLD
CVS,103.0199966430664,102.1770004272461,95.4590007019043,81.32139823913575,-0.017078532174630068,0.06140530841116787,0.015321806297007993,61.825948051911624,7999573.45,2.4211790902273997,6,BUY
MS,223.0399932861328,217.90749893188476,206.35224853515626,178.46645629882812,0.05277066290745114,0.06083231051668392,0.019742044717014656,48.007457742205595,5841490.9,6.1460691179547995,6,BUY
BKNG,173.9199981689453,174.92250061035156,168.43240051269532,187.5833145904541,-0.047744203076236724,0.06055242602083566,0.02822921984724734,52.282235163121946,8701567.85,6.844997950962612,4,HOLD
MAS,76.7300033569336,76.92250061035156,72.31742828369141,67.4107341003418,-0.06014203906691118,0.060539115068249494,0.024923468513719984,60.02928884625925,2288666.85,2.5039285932268416,5,BUY
DOC,21.630199432373047,20.942810916900633,19.650482883453368,17.51778476715088,-0.0004528631031329722,0.06035913505835211,0.015747004322392334,77.5346718706067,6883704.3,0.43999998910086496,5,BUY
MTB,238.50999450683594,233.3,221.64799957275392,207.5783428955078,-0.014217823867723078,0.058022455999750866,0.013277244728185662,69.05477687112014,1143057.95,4.357500348772321,5,BUY
KHC,24.78499984741211,23.954749965667723,23.531100006103514,23.632361030578615,-0.008996416609780455,0.05783181923121883,0.023241504435021588,61.0145875726224,13312707.75,0.7318572998046875,5,BUY
RMD,208.08999633789062,198.6779998779297,200.93954803466798,236.93659355163575,0.034758776838509586,0.05661619659927508,0.02560539279231394,67.92763318876803,1638964.65,6.535712105887277,3,SELL
PFG,112.69000244140625,110.00000038146973,105.30020004272461,91.93488788604736,0.034517599611645355,0.05653477003806828,0.01728159593342344,55.28908046052124,1442064.05,2.7368561880929128,6,BUY
LLY,1209.1300048828125,1162.5279968261718,1079.8778283691406,991.7232562255859,0.014592121428280258,0.0563038999089176,0.02190046171667519,67.28720711607508,3116042.25,40.971426827566965,5,BUY
META,615.8300170898438,578.8329895019531,599.8020776367188,642.0646865844726,0.004764229778039475,0.05441551484608609,0.03290458582175934,61.94958286020405,18549064.95,23.578569684709823,4,SELL
APD,296.5199890136719,286.5854293823242,288.87856323242187,270.64173934936525,-0.03224544738780377,0.054357132300328015,0.025701683560091792,60.232654474059025,1631250.6,9.90527094102857,4,SELL
PAYX,105.72000122070312,100.89249992370605,97.12153747558594,102.82837749481202,0.02930583354162941,0.0542481303113993,0.02068380410886134,65.65385416697234,3803452.05,3.4614285060337613,5,BUY
UBER,74.16999816894531,72.41650009155273,73.0733999633789,80.67115005493164,0.020781646445517055,0.05385054082739793,0.03009207920525056,56.802995971321614,21976144.05,2.7696424211774553,3,SELL
CF,114.42500305175781,107.92824974060059,115.21044052124023,99.81431011199952,0.05792343914133191,0.053831286812811685,0.018413393625322648,68.42899900865321,2911408.75,3.5964273725237166,3,SELL
TMO,520.1199951171875,492.5810485839844,476.0101647949219,526.2868632507324,0.013227315374692683,0.05378059492849796,0.018972606237336057,76.65844436412121,2150283.55,14.995003836495536,4,HOLD
AFL,121.78500366210938,118.53975067138671,116.39727523803711,111.31715351104737,0.027808303297702563,0.053412360688154026,0.011194624284194888,67.45360522209313,2593980.3,2.3832130432128906,6,BUY
CDW,140.41000366210938,132.80200080871583,124.86330429077148,133.2225174331665,0.014449822607349061,0.053101340537187625,0.027513199472229154,65.14248955276604,1915559.75,5.612859453473773,6,BUY
TGT,133.32000732421875,132.5194999694824,127.96286865234374,108.76980735778808,0.02325592289679257,0.05299744634325965,0.026857600767671037,56.99772455354392,4867852.55,4.418572562081473,5,BUY
IR,77.80999755859375,78.10649948120117,75.24985061645508,81.38979049682617,-0.03771955266801419,0.05276679344130164,0.02338438764048966,52.40884831356032,4235344.0,2.4246433803013394,4,HOLD
HD,338.239990234375,338.61599884033205,323.7497998046875,351.825482635498,-0.035913824635263825,0.052625040826391745,0.020534367795734684,56.94371850706399,5064775.15,9.214998517717634,4,HOLD
PH,952.8400268554688,947.8574981689453,904.2028356933594,887.0809530639649,-0.011381881004464356,0.05224564180972435,0.017691696836143897,51.87552758013136,634975.35,23.954986572265625,5,BUY
WM,232.77999877929688,223.30799942016603,221.16379943847656,221.08864402770996,0.03882540555672409,0.05187526240048945,0.015780464835684856,71.50113636715977,2411233.95,4.96428462437221,5,BUY
AMGN,362.42999267578125,355.1019989013672,342.46381225585935,333.5071479797363,0.003044325531768699,0.05183267542713721,0.018052830631522427,68.14606415035783,2992050.8,8.555716378348214,4,HOLD
HSIC,84.11499786376953,82.61474914550782,77.4606997680664,74.67462491989136,-0.004791751010204237,0.05104334807923827,0.017034026501214397,62.303348827645365,1315678.7,1.975715092250279,5,BUY
MA,520.1473999023438,504.2313690185547,499.08174865722657,528.8795603942871,-0.004388259950135809,0.05029361553815792,0.015069030524409537,64.2937592117386,4079812.75,13.122499738420759,4,HOLD
MRK,124.5999984741211,122.22737541198731,117.39949111938476,106.76944152832031,-0.0061418541564316476,0.04929786366672162,0.020779758979895462,63.313947131403225,11814083.55,3.5457142421177457,5,BUY
FIS,41.474998474121094,39.4267499923706,41.53428840637207,53.439942035675045,0.01654409925692879,0.04924039179385353,0.0222109585315634,63.408981844216044,6149954.35,1.3267854963030135,3,SELL
UNP,284.6300048828125,270.4115020751953,267.904521484375,243.6204512023926,0.02484425025577819,0.04921116987462337,0.015152891940203505,85.64913653658505,2580464.2,5.638571602957589,5,BUY
D,69.51000213623047,68.62850074768066,66.12403312683105,61.42753938674927,0.025372491480659676,0.049207579414799474,0.00980519359510785,60.136083373123796,6736636.5,1.1492854527064733,6,BUY
UNH,430.7200012207031,414.4386444091797,394.70672912597655,335.2769828796387,0.009799766943412225,0.04886206334580545,0.0158158360776935,68.37081790200016,6132130.45,10.313136509486608,5,BUY
KEY,23.165000915527344,22.904250144958496,22.057500114440916,20.297132167816162,-0.003655874600974496,0.048190068582559586,0.013182759760665467,58.44544104188465,11775692.35,0.4632143293108259,6,BUY
SRE,94.56999969482422,92.29145965576171,91.51082168579102,90.53219741821289,0.03502240179545013,0.04815500560713781,0.010126988409942637,69.84098405079916,4254566.1,1.6701811829715985,5,BUY
AEP,133.84500122070312,133.37724990844725,131.29135208129884,123.39189529418945,-0.008922634608107827,0.04762835772328988,0.013469860250028533,60.54074233497336,6051182.65,2.9467866080147878,5,BUY
LNT,75.79000091552734,75.12150039672852,73.44433151245117,68.9731565284729,0.0,0.04725712365828039,0.012566593766719852,61.87051368839612,2492076.9,1.3475003923688615,5,BUY
TPL,400.1400146484375,386.3935012817383,396.38780212402344,377.04866317749025,-0.03585363297945676,0.04718544395087276,0.028281499820079176,67.32169852758494,453596.1,17.575633457728795,4,SELL
PDD,85.77999877929688,80.2009994506836,88.2213998413086,107.49464992523194,0.03950560190072894,0.04699131526645295,0.026575757783407494,63.29739359802472,8146076.65,2.6805708748953685,4,SELL
ATO,175.47500610351562,172.47675018310548,175.33700927734375,174.3111999511719,0.014130540030445227,0.04686201655617794,0.01027063060989261,62.70414004211203,1364087.75,2.8910740443638394,5,BUY
SYK,327.8399963378906,315.74826965332034,308.2184588623047,344.6568408203125,0.04610862188976639,0.04683035141789915,0.022876104464204745,67.19432581028235,2613557.05,10.75750773178,5,BUY
GEN,26.135000228881836,24.77975015640259,23.91324420928955,24.19160294532776,0.0009574729201791143,0.046656025132699064,0.02518990276401223,64.84847441752694,6674358.8,0.9721429007393974,5,BUY
IFF,78.80000305175781,77.87593078613281,75.73343841552735,70.04363878250122,-0.02895869907496762,0.0453505240125569,0.021268237579140387,58.40897213377385,2054373.8,2.340001242501395,5,BUY
BA,223.94000244140625,221.9485008239746,223.50100036621095,218.5919504547119,0.024521916760227747,0.04396069262996405,0.024419416418480114,48.25665002795505,5806996.9,6.2578550066266745,4,SELL
SPG,221.13499450683594,219.86624984741212,210.29649993896484,193.2441256713867,-0.00836325333257426,0.04363110644116208,0.01539409943781654,64.56153294976482,2648852.9,4.2264284406389505,5,BUY
INTC,112.61499786376953,124.43974990844727,116.49849975585937,62.06017496109009,-0.11340733081402732,0.043504445649399814,0.058931224735890325,44.805631898798595,126610532.95,10.656421116420201,4,HOLD
BK,146.6199951171875,144.06199951171874,139.15634735107423,120.84711555480958,0.008182648018550287,0.043038966192942674,0.014599558753719434,59.60968018012769,4123041.65,3.4963509695870534,6,BUY
EW,91.30500030517578,89.58425025939941,86.14870025634765,82.82942497253418,-0.00744643520492505,0.043008902790411474,0.01647695248154369,63.78538740930007,4693078.55,2.3760719299316406,5,BUY
RSG,218.55999755859375,212.18215789794922,208.1122769165039,213.82740043640138,0.02090286897441418,0.042906425246063584,0.014742513193356633,65.46520069906302,1581842.3,4.585596084395072,6,BUY
CSX,49.29499816894531,47.42124977111816,46.3240071105957,39.866859970092776,0.01996681773909148,0.042618431507463805,0.013528671343705332,82.53274643617227,12098597.15,0.9092862265450614,5,BUY
ITW,265.760009765625,264.04131240844725,256.33301422119143,257.1688836669922,-0.01193438465445884,0.04217273100166308,0.014533427268015745,56.520706401295435,1425956.0,5.551341642310283,5,BUY
ADP,238.99000549316406,227.46099472045898,221.13475738525392,235.42809631347657,0.013829422749377152,0.04167151894857368,0.020731483443025993,67.51516102712392,2882002.25,6.524248395647321,5,BUY
NCLH,19.80500030517578,20.032750034332274,18.40010000228882,20.666525073051453,-0.041848077790295535,0.040725149267815786,0.035462162869202896,49.83839941568819,18521522.0,1.0082142693655831,4,HOLD
SW,43.040000915527344,44.57399978637695,41.67556259155273,40.44482976913452,-0.06617485847175231,0.04061896229168127,0.034889874275023554,48.37050865046696,6590217.05,1.8486426217215401,5,BUY
ED,110.71980285644531,109.82398948669433,107.87237197875976,104.04494560241699,-0.0020747552783102474,0.04059963598323568,0.012103405858271526,60.82282545622145,2409453.05,2.0196358816964284,5,BUY
O,63.399898529052734,62.107645988464355,61.7131893157959,59.6447673034668,0.025556435490581064,0.039569355568321196,0.013337672360295727,67.83247447075942,6201578.85,1.023667254677419,6,BUY
ECL,274.0679931640625,273.8430770874023,262.25541412353516,269.41580841064456,-0.015454258823096034,0.039233624999392536,0.016593428551105367,56.90720798987124,1693496.8,6.746427263532366,5,BUY
TFC,51.310001373291016,50.08199977874756,49.14808700561523,47.460183429718015,0.008253133988600725,0.03803360421825408,0.02137692083514427,68.51417083636792,10929540.85,1.1400002070835658,5,BUY
KMI,32.529998779296875,32.0875,32.20255996704102,29.737128744125368,0.02553592318652309,0.03797060053972978,0.013715398741025873,62.244877702059114,10221423.05,0.6949998310634068,5,BUY
FE,47.650001525878906,47.46599979400635,46.418384323120115,46.54563255310059,0.012322112488104997,0.03790027628512127,0.01385153243331416,60.16152136076356,4066104.3,0.8225002288818359,6,BUY
CBRE,141.2550048828125,135.82825088500977,135.51969955444335,149.16087551116942,0.021366607128336712,0.037876550684178945,0.01774044540570971,68.21586585222687,2002460.75,3.620713370186942,4,HOLD
CL,91.11000061035156,91.48699989318848,89.39400009155274,84.38066318511963,-0.017787855626131388,0.037699287511898216,0.015432119804950734,51.413330078125,5196872.5,2.0978567940848216,5,BUY
SNA,401.75,395.16100311279297,380.9075177001953,360.00490814208985,-0.0037938870857173734,0.03741669645452039,0.01395497264845947,66.28515267997648,372182.3,8.193568638392858,5,BUY
AWK,130.1999969482422,129.47999954223633,126.78290130615234,130.32501384735107,-0.012064621131276154,0.03720224818257156,0.01700900939388859,59.6767481475225,2478084.4,3.304999760219029,4,HOLD
CAT,948.655029296875,970.0372497558594,923.1722998046876,705.1623002624511,-0.04312539212415534,0.03712147877632077,0.03788011974524888,49.19320456038802,3905483.5,47.37856183733259,5,BUY
FICO,1270.31005859375,1190.285498046875,1167.7035961914062,1407.97509765625,0.052757662032618,0.036860819719842564,0.023860913767257054,74.36898735673223,297566.25,46.768929617745535,3,HOLD
TRGP,273.8999938964844,267.33599853515625,264.02217681884764,212.39697563171387,0.06241028854683495,0.036832267002975705,0.02093091732435935,60.70266859990956,1355482.1,7.683569771902902,6,BUY
AEE,111.94000244140625,111.93099937438964,109.95694473266602,105.36655223846435,-0.002228362550669938,0.03657750398902393,0.015853027099617226,56.083813936160205,1901450.2,2.2892853873116628,5,BUY
C,139.65499877929688,141.37575149536133,132.8685304260254,115.37882801055908,-0.003389752993392503,0.03655461447291608,0.016538841190091084,42.13836953525136,13643812.75,3.490717206682478,4,HOLD
DE,596.7999877929688,600.1123321533203,579.2980126953125,533.6005087280273,-0.04912132442680173,0.036403543963705154,0.02238012511557345,53.05587762857655,1268539.8,19.971455190099448,5,BUY
NSC,323.6199951171875,312.58699798583984,312.65019592285154,296.92919281005857,0.014514577336457002,0.03618080023044512,0.012996345146694416,80.12001621022979,1044284.25,5.922079903738839,4,SELL
EVRG,85.16000366210938,85.11250038146973,83.22053100585937,78.16040714263916,-0.01195032776564875,0.035128323045659604,0.011453855585611761,59.10167900857511,2097524.4,1.5114288330078125,5,BUY
GRMN,245.09500122070312,237.83355102539062,237.53745025634765,227.2508458709717,0.031370989102011526,0.035024750633046775,0.015076140286984082,67.1382202374469,912274.6,6.747858319963727,6,BUY
AVGO,405.25,381.3620208740234,406.04340209960935,360.96028549194335,0.09722749774778561,0.035014750202903455,0.03445285983178697,54.352317906835616,29954659.2,16.53062024578022,5,BUY
ALLE,134.94500732421875,135.408251953125,132.82304092407227,153.45873020172118,-0.03562485251544856,0.033966333669814164,0.01987517428791611,58.85852458532755,1235653.9,3.847857883998326,4,HOLD
NTAP,170.60000610351562,159.23850021362304,144.48519958496092,116.55175464630128,0.0909323492562828,0.03393943093039775,0.02211965016372242,71.87584295268303,2966910.65,6.322142464773996,5,BUY
VMC,288.2950134277344,297.12875213623045,286.4875164794922,290.936203918457,-0.022828137407819082,0.03331546031446009,0.022960950096827863,45.73502077923425,1249173.65,9.969996861049108,4,HOLD
DHR,194.27999877929688,187.0478500366211,179.42292846679686,203.18382606506347,0.002890757562796775,0.03329463584664105,0.019936142003637906,68.787185292541,3985216.3,5.744488977579015,4,HOLD
TDY,639.4299926757812,631.7334991455078,627.4780029296875,593.7699481201172,-0.03292501380721924,0.03257110517727457,0.01851910408932362,61.418811008311856,332222.0,19.948577880859375,5,BUY
ESS,291.42498779296875,285.2693832397461,276.20672912597655,256.33413787841795,-0.012721068419216719,0.03236908108108105,0.013179682120011112,75.07008228712039,474050.6,5.771873076151296,4,HOLD
MHK,110.30000305175781,113.33449974060059,106.64100006103516,112.7948498916626,-0.0797596988979834,0.03190198972383573,0.03775970685860254,52.71504223753437,777968.95,4.7757143293108255,4,HOLD
ABT,94.05000305175781,91.55699996948242,89.17820007324218,110.21025257110595,0.02028642591007923,0.030684964950770555,0.018024390952511123,66.03120691661348,13645488.65,2.5528564453125,5,BUY
COIN,160.27000427246094,159.02649841308593,175.86879974365235,227.55669967651366,0.006468216175369967,0.030675268633189257,0.03875128433645432,46.82594141039181,7710993.25,10.358564104352679,3,SELL
CNP,43.65999984741211,43.65800018310547,42.83044494628906,40.6814666557312,-0.0016007248012113173,0.029959907432171473,0.011031471638304133,57.9108943264747,6862334.85,0.8628575461251395,4,HOLD
COO,70.66500091552734,69.26175003051758,64.75450004577637,72.87797494888305,-0.01785957035744168,0.02980177917651239,0.019082414018229785,67.79713889269082,3056957.9,2.045714787074498,3,HOLD
PM,182.23500061035156,180.6422592163086,178.34755310058594,164.84625091552735,0.025578243606834583,0.029446083766710096,0.01853743800412361,55.592894767238995,5335341.45,4.815546270047768,4,HOLD
BMY,57.47999954223633,56.012662696838376,56.28521621704102,53.08713020324707,0.029922919330808817,0.029193562433297737,0.020010941230117315,59.761552959253244,12694094.3,1.4944901324659636,4,SELL
TDG,1293.574951171875,1305.0942626953124,1245.2718969726564,1284.9652239990235,-0.011919752745108703,0.028900576834758773,0.018572374188148496,44.62134373197434,387132.75,33.00071498325893,3,HOLD
OKE,90.26000213623047,88.19399986267089,88.7226838684082,79.00617321014404,0.052840296301359,0.028135336541114553,0.019230098858457032,63.402063432345045,3901737.05,2.2232137407575334,4,SELL
DTE,148.78500366210938,149.67678833007812,145.51436889648437,139.00963817596437,-0.011854974930470497,0.02753707217543,0.012273643235040809,55.304723308159424,1295859.5,2.6625569821208006,4,HOLD
GS,1060.3299560546875,1054.2535034179687,1007.5938000488281,891.1585665893555,0.039936810435496684,0.027441542253542783,0.020472196075751393,40.70862745258487,2187963.5,31.00750732421875,3,HOLD
PCAR,122.8499984741211,120.02899971008301,116.20986907958985,112.49041519165038,0.013279450995707043,0.026401503619835065,0.02397270991725922,60.33770856647345,3389422.15,3.3428568158830916,4,HOLD
CAG,13.479999542236328,13.647999954223632,13.615780353546143,15.93289047241211,-0.05734270192736246,0.025875128617203424,0.02630070695617035,53.58744126134787,23297072.4,0.5010715212140765,3,HOLD
TSLA,406.8699951171875,399.58299560546874,408.56799865722655,418.27375,-0.043334101116298984,0.025688218789836625,0.039459694970536814,52.82794935662457,46635562.0,20.706915719168528,2,SELL
ROK,472.2099914550781,469.4949981689453,453.3527587890625,399.81954208374026,-0.021975095704797276,0.02549566791159541,0.025942107780373938,54.586779537689054,901060.55,15.555356706891741,4,HOLD
NEE,86.95999908447266,86.93100051879883,89.2100001525879,86.46042823791504,0.00683103298747989,0.025109008693174673,0.010259046504798287,55.137832790500525,11894567.95,1.5478581019810267,4,SELL
CMI,685.969970703125,686.7150054931641,677.0541357421876,558.6301168823243,0.005349342448889738,0.025013807992657178,0.0327259946054925,43.70870392367046,1154651.55,27.557848249162948,3,HOLD
IVZ,28.604999542236328,27.554750061035158,27.314760093688964,25.32868137359619,0.06615727258955162,0.024901458209382943,0.026543698838231405,48.91621923492413,5213065.6,1.0578573771885462,4,HOLD
VRSK,186.57000732421875,181.33883666992188,176.93037017822266,201.9848875427246,0.015512769892113809,0.02480921212982734,0.019806527130874406,61.590911813646024,3263109.35,6.320001874651227,3,HOLD
RCL,289.1099853515625,302.69250030517577,282.8774005126953,286.8171444702148,-0.05612145976651217,0.024268317682073937,0.03335551808899384,42.63934187287661,2557923.3,13.266427176339286,3,HOLD
AVB,189.61500549316406,185.90752029418945,184.3716439819336,176.39878128051757,-0.004279720705575807,0.024262185740588693,0.015086244643730932,67.589204099422,1129990.4,3.910540462195937,4,HOLD
ASML,1820.389892578125,1837.1929931640625,1675.3451977539062,1329.6459555053711,-0.012289557472607293,0.023973783210784916,0.04588262899959919,47.56797430130162,2215977.8,98.77357700892857,4,HOLD
ARM,332.55499267578125,355.9617462158203,306.79469818115234,180.46599994659425,-0.014564282831490805,0.023687150376157318,0.06720418134384806,32.499440714222786,10106788.25,32.7462158203125,2,HOLD
ETN,411.20001220703125,406.9970001220703,405.6033154296875,370.47089294433596,-0.0026921135993185352,0.023598553613266127,0.03745404092107917,50.41269763354827,2473014.2,18.8775634765625,4,HOLD
EXC,46.39500045776367,46.564249992370605,45.7793000793457,45.80728656768799,0.0029183342224123887,0.023494343341927237,0.013694986952232178,55.62288136899397,9184833.75,0.9246431078229632,4,HOLD
SO,95.11499786376953,95.1292495727539,93.79621765136719,91.66053630828857,-5.261651248933408e-05,0.023292103137269482,0.012783689015092746,58.619526443872,6961311.9,1.7167854309082031,4,HOLD
PEG,80.41500091552734,80.86424980163574,79.12866149902344,79.99907539367676,0.0018064566902340484,0.0232218432711242,0.010908014064791277,54.213359311461375,2967544.7,1.3967857360839844,4,HOLD
MO,72.13999938964844,71.56851348876953,70.81233627319335,63.1678049659729,0.008386894974037773,0.023181129082348706,0.015630345233989543,63.857514052391565,8146196.4,1.606428963797433,4,HOLD
UPS,110.26000213623047,108.17000007629395,104.54962615966797,98.79357566833497,0.006572952480239147,0.02215629302673916,0.02242908789611154,64.71602707538878,4895511.05,2.716428484235491,5,BUY
GWW,1358.0699462890625,1340.9890014648438,1276.7747631835937,1096.7919885253907,0.014817937140866988,0.021258758025952895,0.01516548279058891,58.86325482485318,362575.1,33.797145298549104,5,BUY
AME,234.11000061035156,234.015966796875,230.75955535888673,214.45132843017578,-0.012735648000148259,0.020282854468993028,0.01818780800053129,52.79087663654095,1205150.8,6.104287283761161,4,HOLD
EXPD,169.66000366210938,163.9395004272461,159.04120025634765,146.92713397979736,0.0170853434759779,0.019959164345986435,0.013390308390590449,69.32933732846912,1212179.55,3.4597854614257812,4,HOLD
KO,82.40499877929688,81.66546745300293,80.14644058227539,73.81595077514649,0.013716297837518487,0.01963409057525145,0.014846500547259655,60.04054560142126,20344544.7,1.7335728236607142,4,HOLD
HPE,49.05419921875,46.223072624206544,40.64341262817383,27.469901733398437,0.11613648162014667,0.01921932842124985,0.03954088332075731,52.071868981764794,24474568.2,2.7125072479248047,5,BUY
VTRS,16.51099967956543,16.170049905776978,16.1146555519104,13.200109672546386,0.020457315707451906,0.0191974630851528,0.018788512330191874,61.8369299703693,10177326.4,0.5064285142081124,4,HOLD
XEL,78.7699966430664,79.74932479858398,79.31532363891601,77.93033954620361,-0.011668762117766796,0.019186734761567736,0.01362241961837063,54.869880504935566,5971996.45,1.678570338657924,4,HOLD
WEC,115.20929718017578,115.43146476745605,113.4902993774414,111.09950000762939,-0.008696472465251515,0.01864985618489934,0.011786129989110642,57.410302029059174,2179778.85,2.0299927847726003,4,HOLD
CNC,67.36000061035156,64.61850032806396,60.64260017395019,44.272750034332276,-0.014484241197816106,0.01736900078206771,0.025230908184516204,71.2389525636611,5413800.65,2.2362864358084544,4,HOLD
LIN,524.5,522.1764999389649,512.0302014160156,469.42501541137693,-0.01696183675386076,0.017281120038089792,0.013612804940114763,54.71802130869646,2460649.95,12.477859497070312,4,HOLD
EA,205.92999267578125,204.2020004272461,202.55914489746092,201.1955509185791,0.0023363141137451304,0.017038705161197987,0.0024610785193075815,71.8795819327008,2047895.4,0.9407141549246651,4,HOLD
BRK-B,495.31500244140625,494.86524963378906,485.1875,490.4174249267578,-0.008854580140551627,0.015468383864680302,0.009946780424351468,53.614620872009965,5167716.55,6.970716203962054,4,HOLD
EQR,68.19499969482422,66.91203670501709,65.96383178710937,61.52173379898071,-0.006338300684866849,0.015375487484356354,0.013688023841216455,71.08747443294098,3060532.4,1.2960135317451176,3,HOLD
BX,121.95999908447266,120.4560001373291,119.67102600097657,133.3862899017334,0.020158895618525907,0.013883100475807986,0.022875963262997356,45.178623805058024,5095353.4,4.178571428571429,3,HOLD
DRI,203.66000366210938,208.07599945068358,201.8393994140625,194.18989852905273,0.008467475809397662,0.013687720620546795,0.015502296690908912,38.232593679520605,1610015.15,6.35606929234096,3,HOLD
PHM,124.16999816894531,128.60930328369142,121.62466430664062,123.92980323791504,-0.0635040229391658,0.013466128997908777,0.029215844411370578,53.08376122397442,1857500.1,4.442143031529018,4,HOLD
PAYC,137.85499572753906,131.5382507324219,133.81700485229493,148.97102855682374,0.029075760066147316,0.012597299438661613,0.028923166881838092,67.31169730137029,1139818.85,5.583860669817243,2,SELL
HRL,24.274999618530273,24.845750045776366,22.844899978637695,22.884415769577025,-0.024316702678605973,0.012301921681622918,0.020093290332086323,49.54582739551006,4237465.1,0.6860713958740234,4,HOLD
MDT,82.24500274658203,80.31557769775391,78.43718795776367,89.56390773773194,0.03844704438978419,0.012284209142470859,0.0195908785133485,65.66411151767491,9266654.0,2.1758146652447405,4,HOLD
ALGN,180.16000366210938,176.9539993286133,171.4852001953125,163.0168994140625,-0.00732823731775567,0.011566521549676079,0.03546374863623703,54.10425020714702,1111406.9,8.224286760602679,4,HOLD
NOW,108.0999984741211,101.19050064086915,101.46920059204102,131.22557991027833,0.02173908654083978,0.010563683654509104,0.03656530350352536,66.74626771383146,23182405.2,5.424215589250837,2,SELL
REG,79.57499694824219,79.5590259552002,78.12092391967774,73.16292324066163,0.002582766719999796,0.009762308217554194,0.012529501794505293,58.725737352023884,1511917.35,1.3028504507882255,4,HOLD
WAT,374.57501220703125,367.1487533569336,353.53950134277346,349.4297756958008,-0.009401509083847959,0.009228124388713121,0.01431603227857027,64.3692288345689,933083.3,10.624285016741071,5,BUY
DUK,124.93499755859375,125.99675025939942,124.7872509765625,122.8348477935791,-0.0066390960225781726,0.009004990038100846,0.013738520683583893,52.87245152018542,3921703.15,2.3357146126883372,4,HOLD
OTIS,71.91000366210938,72.23649978637695,72.57249877929688,83.0802568435669,0.01797854308372271,0.008980034364927114,0.015085595365264768,46.43799914915661,3785348.2,1.6921430315290178,2,SELL
AVY,160.75,161.3875,160.3247998046875,171.6428988647461,-0.014529151472110202,0.008785653234145041,0.01664348353004742,51.9867501150725,762251.75,4.264644077845982,3,HOLD
NWSA,27.434999465942383,25.86624994277954,26.192900047302246,25.797117252349853,0.06419700291762176,0.008639657956301283,0.01940200800748207,61.819664201108715,7025670.3,0.8446429116385323,4,SELL
CHRW,193.22999572753906,186.9754997253418,180.16739990234376,166.8110929107666,0.010247249497031152,0.008244204964118484,0.020382504273746643,60.74966193719182,1392855.85,5.86785888671875,5,BUY
NI,46.70000076293945,47.37850017547608,47.16916000366211,44.59131990432739,-0.003627014568367448,0.007986162686416165,0.013244193907166118,49.573693224533336,4632301.1,0.960000719342913,4,HOLD
CZR,29.684999465942383,29.771249866485597,28.788499908447264,25.021125049591063,-0.023840854492191754,0.007979582238200056,0.009490987789890121,56.73758750122422,4742104.6,0.44378553118024555,4,HOLD
LII,531.9000244140625,542.0931976318359,522.0551989746094,507.58464447021487,-0.0686068353003102,0.007815597148073783,0.02471031723418029,56.18373054178171,412725.55,19.250922060479393,4,HOLD
HUBB,490.0,500.9725036621094,492.6282897949219,474.0066067504883,-0.0002448280388128721,0.007256354493471395,0.029862294272200638,44.988580422516264,635388.9,19.068038940429688,3,HOLD
BLK,1018.5900268554688,1008.2769989013672,1035.4033984375,1056.695747680664,0.03897470550434523,0.006551647040254016,0.01678497751745491,41.21086700194913,840707.35,27.782845633370535,1,SELL
AES,14.755000114440918,14.649250030517578,14.572532691955566,14.222665300369263,0.007855175438613582,0.006480236563275232,0.00279319058688441,64.94848198835929,8520551.95,0.07607153483799525,6,BUY
MCK,789.1400146484375,775.8399963378906,769.6377990722656,828.4931927490235,0.027445794803596213,0.006260962092717648,0.017954942705779128,52.587839974565846,1171116.55,22.609989711216517,3,HOLD
STE,214.2050018310547,209.05275039672853,211.10073486328125,235.5494255065918,0.0089731453222468,0.006224149369836729,0.018595622407138353,64.49624170238705,829823.7,5.651783534458706,3,SELL
UDR,39.59000015258789,39.37100028991699,38.18440010070801,36.061518306732175,-0.02535693762631719,0.005588042333548371,0.014053018669362457,65.90160223278247,3808281.65,0.7775006975446429,4,HOLD
PPL,35.65999984741211,36.136000061035155,35.95283714294433,36.104013729095456,0.001122990362909304,0.005498370054567436,0.015171402253638671,52.68291170058027,10604281.8,0.7500002724783761,3,HOLD
TMUS,180.36000061035156,181.28199996948243,185.63916564941405,201.15629531860353,0.04218192045961522,0.0050150109373356955,0.023148538821800246,49.02883195590396,6327665.15,6.022859845842634,2,SELL
CRH,104.19999694824219,108.14099998474121,107.84230758666992,114.63245639801025,-0.009411593023923803,0.004821600913349711,0.023554673893596924,38.00090948258594,4871642.05,3.808213915143694,2,HOLD
PSA,321.42999267578125,321.61452026367186,309.3453729248047,286.47894203186036,-0.004983951914788065,0.00481935825651747,0.013385980552533455,58.046911202803685,981215.35,6.997861589704241,4,HOLD
MSI,414.70001220703125,408.7285858154297,409.9521643066406,416.88514587402346,-0.010120757649463186,0.004523162914144674,0.01228768437892907,61.160719498950954,1120454.55,10.19242422921317,2,SELL
TYL,310.1600036621094,296.784001159668,309.27259948730466,391.8898986816406,0.02814330180818181,0.0040139524164077844,0.026598509445442845,62.88896847183687,940148.05,12.707144601004464,2,SELL
NDAQ,87.55500030517578,83.82525405883788,87.37477615356445,88.4056925201416,0.05832221385783143,0.003988128873270824,0.028835155544499835,58.824742150866534,4962404.1,2.8128569466727122,2,SELL
MLM,574.4349975585938,592.2287475585938,584.1896960449219,616.0441354370117,-0.008295340026224785,0.0038182569831257673,0.02560325026476098,45.099648670871886,665122.2,20.958561488560267,3,HOLD
AMZN,245.11900329589844,239.72844924926758,254.2833804321289,233.23504516601562,0.014145661525963416,0.0038044180564480445,0.022259248187886573,57.0994588805832,61538915.9,8.105710710797991,4,SELL
TT,472.2250061035156,477.17225036621096,470.78210205078125,434.9632215881348,-0.025496266480471985,0.0031119812802706814,0.025519846828786084,49.89925277251753,1353348.0,17.944442749023438,4,HOLD
PNR,74.80500030517578,74.70725021362304,74.88710006713868,94.315366897583,-0.020620542090576066,0.0030168740761200574,0.0172951887152254,56.1763493312038,1962886.6,2.0205372401646207,2,SELL
PKG,226.4228057861328,232.08720703125,223.4316833496094,213.15997100830077,-0.04836375086737754,0.002598716533213974,0.019206652786235574,46.061953837486605,651319.7,5.731425694056919,4,HOLD
TSCO,30.03499984741211,30.64824981689453,31.00323944091797,45.902917041778565,-0.06897081803739369,0.002503363325478958,0.019847716743974186,51.977793731925836,12826126.6,1.0671428952898299,2,SELL
NWS,31.1200008392334,29.35049991607666,29.94159996032715,29.385400285720824,0.06393165262336398,0.0019317892570089867,0.021032795573268762,59.94764776960025,2275763.05,0.8992855889456612,4,SELL
BIIB,199.4600067138672,203.53800201416016,197.18680084228515,178.82520042419435,-0.04901305668952094,0.001808139624889682,0.02468190260708507,50.69165535594053,1248790.65,7.145713806152344,4,HOLD
J,125.63999938964844,124.84699897766113,121.89333023071289,134.90581909179687,0.00810400512307452,0.0015943633956450043,0.01908267746783788,55.18780250513047,1315155.45,3.474999564034598,3,HOLD
KKR,95.94000244140625,94.49750022888183,96.15834609985352,109.34831600189209,0.03651690764871551,0.0010434694004270995,0.018865273430863264,47.308542187396704,4612865.25,3.5457142421177457,2,SELL
MMM,156.52999877929688,160.44250030517577,153.20706604003905,156.8478702545166,-0.0214429094186388,0.0008951940034198635,0.013473457065334966,45.10160433136803,3799001.1,3.814998081752232,3,HOLD
TER,369.3949890136719,411.03224792480466,381.3744757080078,272.6589116668701,-0.13559462680952195,0.0005010632509283575,0.074513040938296,45.189933243855386,5624881.4,39.78428213936942,3,HOLD
ZBH,89.3499984741211,88.42964935302734,85.56947265625,91.12517826080322,0.06154212210838517,-0.0004749570874351683,0.023588513275963154,54.578905324692414,2267110.25,2.915612363039761,3,HOLD
BIO,296.885009765625,289.8772491455078,283.2388983154297,294.101674041748,-0.0006899814022430784,-0.0009590592900743378,0.025322666440089184,57.47230980903896,318003.55,10.380002702985491,5,BUY
PPG,116.0999984741211,119.80699996948242,113.03347305297852,107.55308059692383,-0.05309519699717591,-0.0022344631734845244,0.023240646880200017,48.15340720517303,2115094.4,3.447857448032924,4,HOLD
DHI,150.52000427246094,157.15399932861328,150.08598419189454,150.88947463989257,-0.041640095427181945,-0.0036407163903647843,0.02739134370660487,47.64876395823312,2307600.65,5.266785757882254,3,HOLD
INVH,29.363000869750977,29.46786241531372,28.959359703063964,27.041880712509155,-0.032520576583628835,-0.004589333028830467,0.013305108549581654,62.164058404613044,6092850.65,0.55807163396346,4,HOLD
TRMB,52.65999984741211,50.91849994659424,55.5723999786377,69.44609992980958,0.0015214532820759796,-0.005476882178447884,0.01844156659502408,74.70666114936309,3392793.95,1.5921423775809151,2,SELL
RL,388.05999755859375,400.3792205810547,374.14940673828124,353.7274711608887,-0.025023847369474717,-0.005500193684213173,0.021788919198138423,40.1331580996172,706956.7,11.375649417049045,3,HOLD
CEG,250.13999938964844,256.2250015258789,274.1433709716797,314.5305795288086,0.057674416023883346,-0.006000375694255267,0.02557933030512319,38.61477302055418,3962142.05,9.895493643624443,1,SELL
CPT,113.6500015258789,113.1277961730957,108.64264892578124,103.87413200378418,-0.017378541177488716,-0.00614042836418216,0.013996289619953204,65.69086052513136,1071703.3,2.1549411908768428,4,HOLD
NXPI,294.5450134277344,292.5390167236328,297.6729934692383,236.2215281677246,0.0550362531522699,-0.0062737160086629995,0.038286235445800475,48.95650485371481,4330920.55,15.456952231039534,3,SELL
KIM,25.020000457763672,25.248999977111815,24.36519989013672,22.11236713409424,-0.002392323210721803,-0.006748712691137082,0.013155110012927929,57.46478797566119,5871235.65,0.39214324951171875,4,HOLD
CPB,21.613399505615234,21.969962882995606,21.02323715209961,24.89361985206604,-0.06354421243235953,-0.006840586010406047,0.02872924666511054,55.5626355761845,11489807.5,0.8450506277170743,3,HOLD
EFX,167.13499450683594,161.83475036621093,165.36654083251952,196.47217231750489,0.03061599798945669,-0.0073350397705481685,0.03131832271469158,64.12730060758096,1927429.4,6.112256731305804,2,SELL
WBD,26.354999542236328,26.62574996948242,26.871300010681153,25.87782503128052,-0.016971276865710316,-0.00771837077666071,0.012763522654544843,51.608388922115594,20134475.3,0.45071438380650114,3,SELL
CI,292.4599914550781,285.9024963378906,285.52759765625,279.050193862915,0.05554547126730491,-0.008610198457362328,0.015244945462168645,57.0797279977298,1579051.05,7.343815394810268,5,BUY
CSCO,118.87000274658203,117.48674125671387,112.68813995361329,85.11148712158203,0.01969649024923803,-0.00868484749884979,0.022352323653238047,53.10874663657336,24744829.75,3.717877128843136,4,HOLD
FAST,46.130001068115234,46.68749942779541,45.41439971923828,44.0250962638855,-0.03392667920177517,-0.009660814625375158,0.01356688311177246,58.02311346163264,7301843.2,1.1264291490827287,4,HOLD
APP,515.7349853515625,499.6652435302734,505.90429931640625,538.0547505187989,-0.08656417928841142,-0.009801553722219691,0.04491964730533771,57.72567465880671,5602232.2,32.9598628452846,2,SELL
SJM,111.27749633789062,113.57887496948243,105.68080261230469,102.15999893188477,-0.03119018155514508,-0.00989859469525256,0.021941028183486408,47.17724397513639,1574679.6,3.0192854745047435,4,HOLD
CHTR,134.02999877929688,136.24599990844726,143.22719940185547,203.34295013427734,-0.041547466466998806,-0.009898769197196233,0.036378049127965086,52.04760727705694,3947125.85,8.228572300502233,2,SELL
MSCI,600.2999877929688,588.4129943847656,591.9653369140625,567.1398788452149,0.03139006164023006,-0.011916895177635833,0.0218902837229875,51.245697284121725,706185.65,19.45107160295759,3,SELL
CTAS,177.23500061035156,174.64524993896484,172.6548794555664,184.0867137145996,0.017247345213230236,-0.014649438919032587,0.01938116210293989,60.41410714345492,2118847.35,4.338926042829241,3,HOLD
CDNS,385.0775146484375,380.20237731933594,371.3507507324219,327.81418762207034,0.019451733906245883,-0.014895060984801978,0.015251097209145078,46.73312708295031,2322137.8,13.480712890625,4,HOLD
JBHT,282.6099853515625,279.6234985351563,267.9788845825195,212.10703590393067,-0.025718005254910747,-0.015947689860054126,0.020259634939450027,64.13982038718835,985254.25,8.542144775390625,4,HOLD
MGM,46.38999938964844,47.45399971008301,43.44139991760254,37.23644993782043,-0.023779483527564205,-0.016118814668825254,0.01737726985700094,45.949930251124044,3390144.5,1.2339273180280412,4,HOLD
PODD,156.97000122070312,152.42700119018554,154.1666000366211,244.40245094299317,-0.017648114299497974,-0.016540313135474216,0.029969437439100244,61.67332401542884,1481711.25,6.326785496303013,2,SELL
MAA,136.5800018310547,137.7035011291504,133.43100036621092,130.5844942855835,-0.024010294066976412,-0.01677346317492212,0.014019942996861642,57.854236749580366,1009746.5,2.6949986049107144,4,HOLD
PG,146.1699981689453,149.47749938964844,146.36580017089844,146.9828687286377,-0.008546391978780266,-0.01681576666974227,0.01547554396906962,42.81976423516187,9441676.1,3.3457140241350447,2,HOLD
WSO,379.5249938964844,394.82575073242185,396.61230041503904,379.17337356567384,-0.06892449231452946,-0.01705470385357255,0.020972983810440143,47.55722792685365,332399.9,12.237136840820312,3,SELL
TTD,19.549999237060547,18.69050006866455,20.6742000579834,31.812175035476685,0.02088770895552483,-0.017094025290158688,0.027687884970234472,62.70566772227596,19961151.95,0.9421426228114537,3,SELL
BR,146.4499969482422,141.45496978759766,146.7845553588867,188.24178649902345,0.03916841381777458,-0.017312868574981155,0.018435874667095224,61.14377010506118,1653040.7,4.498573303222656,3,SELL
WAB,261.1449890136719,267.3357498168945,264.5090383911133,235.7421201324463,-0.010814435554273194,-0.01740226583582427,0.01924424183501269,39.65035546329906,843955.6,7.26500483921596,3,HOLD
VFC,16.625,16.941750049591064,17.20483123779297,17.324129214286803,-0.012180625349694774,-0.017434992610151356,0.029761260581414956,49.19956519792044,6852645.35,0.7078503199986049,2,SELL
KEYS,325.6000061035156,340.67950134277345,344.547998046875,257.2373492431641,-0.029797377288829696,-0.017590401294697466,0.03894437280866205,42.84574294579227,1599993.35,16.664860316685267,2,SELL
KDP,30.69499969482422,31.723993492126464,30.23760410308838,27.80330840110779,-0.0801618016986092,-0.017991127088253678,0.02057413544650811,50.16364361702128,18406756.35,0.9922832268062136,4,HOLD
CMCSA,23.104999542236328,23.18908348083496,24.24211311340332,26.711240129470823,-0.02633796932391763,-0.018037421125344455,0.019186483847539473,58.621157447585986,42303613.25,0.8917410563439339,2,SELL
HPQ,24.19499969482422,23.42725019454956,23.02703227996826,22.049084701538085,0.09877380526092128,-0.01806012900766707,0.02051887002681689,60.9022519421772,16116812.75,0.8382143293108258,4,HOLD
LOW,213.43499755859375,219.80124893188477,220.28209930419922,240.90321998596193,-0.03823450198432332,-0.018102763246934495,0.01987972990086191,46.04189561153438,2898659.8,6.3060422624860495,2,SELL
HON,222.1199951171875,231.74651718139648,230.67136016845703,223.33601844787597,0.0016685236400788561,-0.018120466890124032,0.028989983765192913,35.658933578145536,5953918.45,9.340709141322545,2,HOLD
HST,23.135000228881836,23.65134906768799,22.41071590423584,18.63717074871063,-0.009207715163829788,-0.018314554943583916,0.013596694265153164,41.609685604547444,10337678.65,0.536975814276456,3,HOLD
MCHP,89.75,91.84949989318848,93.45313735961913,73.5659423828125,0.011951714166363203,-0.01880399254125975,0.04438101111953182,45.503297888948204,12738869.55,5.3950010027204245,3,SELL
FDS,241.3000030517578,235.13249893188475,232.19473754882813,247.727495803833,-0.017308083678191477,-0.019384744708752955,0.038132530945558615,56.989249605322264,1072078.25,13.045716421944755,3,HOLD
HLT,335.8450012207031,340.3917465209961,330.59916442871094,300.54766708374024,0.011215844147538512,-0.019631041713324526,0.01129693847184734,33.984055727216784,2388913.2,7.479997907366071,3,HOLD
CPAY,350.55999755859375,346.47749786376954,340.83159912109375,314.39614974975586,0.028216093882502902,-0.020344284746813823,0.022151794435813953,48.50254807858871,759942.95,11.628574916294642,4,HOLD
NVDA,203.92999267578125,201.48199844360352,209.26620025634764,191.53087287902832,0.032138833818597945,-0.020462124576918428,0.022592720443211613,49.2258051390289,145334037.05,6.625,3,SELL
GOOGL,356.7550048828125,357.7377502441406,372.42681213378904,318.0425601959229,-0.01233350870035299,-0.020603427995407486,0.020972657464745657,45.45512616533331,35808887.35,11.815713065011161,3,SELL
EXR,143.61000061035156,146.78372039794922,143.4906265258789,137.399720993042,-0.02498467542620031,-0.02063267444010619,0.013305473936770229,49.40270177778248,1197097.1,3.1092758178710938,4,HOLD
FRT,120.70999908447266,122.08540229797363,118.4440461730957,104.51090507507324,0.0024914493251335657,-0.02101243285730492,0.011344631630736058,54.44486169245972,939860.5,1.8946746895058564,4,HOLD
A,132.375,130.36598587036133,124.37586563110352,130.2206735610962,-0.007609261521049238,-0.021039133031181545,0.01943305553509253,66.2493673163167,2257365.75,3.8675776472830097,4,HOLD
WDAY,137.2550048828125,127.3307502746582,129.3344999694824,173.01417472839356,0.05361940877611682,-0.02121508190378074,0.038362310009324566,63.293981962457295,5076920.1,7.162857600620815,2,SELL
MCD,276.04998779296875,277.1039978027344,279.19580017089845,301.6260121154785,0.024570371885633602,-0.021966385144486233,0.017121567589839952,43.508759584859206,4850964.95,6.567860194614956,1,SELL
GEHC,64.5,64.12575054168701,63.306100387573245,73.84306966781617,-0.005550425639282319,-0.022875353542848642,0.019520264067277016,65.25498689524255,4648995.7,1.7975845336914062,4,HOLD
EMR,139.0850067138672,143.02275161743165,140.30503173828126,137.86391036987305,-0.003117814974720523,-0.023416595267203966,0.02191110477830206,34.471414539953685,2874541.35,3.895715985979353,3,HOLD
GOOG,353.7699890136719,355.6134979248047,369.6094702148437,317.39197158813477,-0.011511988225804015,-0.02351712531479755,0.021902361588321272,44.97525900726767,23937221.2,11.480497087751116,2,SELL
DLR,179.27999877929688,184.38658294677734,188.16759857177735,173.23944396972655,0.016787609642252788,-0.024088439678645823,0.020787834209934422,39.68252814905507,3951747.8,5.255715506417411,2,SELL
EOG,134.02000427246094,133.28299789428712,135.96319946289063,120.48690788269043,0.042227296751001564,-0.024102508661332123,0.019727371550260435,51.28978979669766,4234264.8,3.4642868041992188,3,SELL
ADI,394.739990234375,404.44550170898435,408.1412017822266,319.64770797729494,0.01480790551021216,-0.024417984780883195,0.03638421037679382,44.47557960147684,5411360.7,18.924281529017858,2,SELL
FTV,61.18000030517578,61.1731840133667,60.44906631469726,55.77536672592163,-0.010032345299981205,-0.024526768694780543,0.016251466190384197,52.748887591464076,2769007.35,1.3390725534925398,4,HOLD
LMT,517.02001953125,521.1280044555664,520.5100030517578,539.2351718139648,-0.00919855069870179,-0.02472975540115019,0.02433326550114105,45.05302689432512,1372795.75,15.720003400530134,3,HOLD
MKTX,113.61000061035156,116.49899978637696,129.3973387145996,160.61967105865477,-0.007686236962508031,-0.02489057997345201,0.025481698181548548,40.6593366752825,768079.05,4.566428593226841,1,SELL
EQIX,1033.4150390625,1059.8632568359376,1066.5894873046875,904.9939361572266,0.01952905826707174,-0.024932940453287866,0.01742346464866304,36.25091067691011,681768.85,30.078565325055802,2,SELL
AZN,178.7747039794922,183.71323471069337,183.93429412841797,183.21337791442872,-0.027658526128456207,-0.025379103102933898,0.025465935715566837,50.741514151947236,2175118.8,5.9585691179547995,3,SELL
HSY,171.36000061035156,177.83699951171874,183.54009979248048,191.06864067077638,-0.04091340254943987,-0.02547768323954236,0.022884553360233796,46.1598324530035,2430641.5,5.1892852783203125,2,SELL
PLTR,128.57000732421875,125.06700057983399,133.5306997680664,157.0634999847412,0.022588116531125024,-0.026501096432953508,0.03673586421663309,48.16921635288869,44177202.35,7.106355939592634,2,SELL
TXT,90.6500015258789,90.99402656555176,91.17192321777344,89.05469123840332,-0.013923624225472886,-0.02809155165123811,0.018697272725329585,45.07245901409743,1633395.3,2.7107140677315846,3,SELL
DIS,95.79000091552734,98.90820007324218,100.90981567382812,104.96727123260499,0.0008358774612888809,-0.02824940133339726,0.017534560262453765,40.061925309027444,11584023.1,2.417023556192309,1,SELL
PWR,672.27001953125,695.7789672851562,714.7397021484375,543.6182783508301,-0.027668504783500025,-0.02829289741130636,0.033546388422184555,41.78211147373087,1472335.65,31.340744107717747,2,SELL
FMC,11.09000015258789,11.315512895584106,12.514837894439697,16.288477663993834,0.012785419704235634,-0.028920182900616154,0.03503670546078189,39.69894993804617,5122144.6,0.7193551698731779,1,SELL
CCL,26.885000228881836,28.567250061035157,27.23375835418701,27.949372272491456,-0.057328197848494744,-0.030472388290791352,0.03652413049768671,33.69273717167667,25726361.5,1.3364287785121374,2,HOLD
PLD,141.92999267578125,142.0663688659668,141.95908477783203,131.02950580596925,0.03749992331566343,-0.03091055519727115,0.01678968112513143,51.86298449656921,3881944.65,3.4642868041992188,4,HOLD
SPOT,480.69500732421875,471.91325225830076,467.1669024658203,540.5033750915527,0.01738697118792687,-0.031286513760615864,0.022171106714164897,60.67100524912244,1841211.3,17.789289202008927,3,HOLD
NOC,530.7100219726562,529.1200012207031,543.8518005371094,610.6277236938477,0.02069431582461556,-0.03273363132103568,0.022793243880152095,43.11517089887868,1052221.35,15.861426217215401,1,SELL
BLDR,74.93000030517578,81.04500007629395,77.6306005859375,99.87700019836426,-0.1160787628590223,-0.033660053901661935,0.04238765958469168,48.453872771014616,2402414.85,4.551784515380859,3,HOLD
ISRG,412.07000732421875,410.5124984741211,425.1667987060547,488.18645095825195,0.024081719578059824,-0.034082601267200974,0.020928052818785497,55.984522188875985,2475804.25,12.639284406389509,2,SELL
EQT,50.869998931884766,51.740499877929686,54.61624549865723,56.42328411102295,-0.030678365556307208,-0.03454165386714669,0.014305037054964078,48.298415202868014,8009158.4,1.1521426609584264,2,SELL
IDXX,558.8300170898438,553.8514984130859,555.2897961425781,626.3081475830078,0.03952899907819418,-0.0346525195650097,0.022899859745906092,54.535092804147915,683884.7,18.317125592912948,2,SELL
DVN,42.119998931884766,42.644791793823245,45.21147010803222,40.65137120246887,0.04645960079216804,-0.0374498652962193,0.025542828660411087,47.53745976498381,15852263.85,1.250000272478376,3,SELL
ROST,220.67999267578125,224.14550018310547,224.02994750976563,194.92398132324217,0.04143463441337336,-0.03822185395120847,0.020441565999488133,37.59130420636513,3364876.75,6.444999694824219,3,HOLD
DD,135.75999450683594,139.8885009765625,142.24376922607422,128.82203247070314,-0.01957107452861062,-0.03839069592100275,0.01921587316022445,31.436432402377818,1515618.0,4.470533098493304,2,SELL
NEM,94.72000122070312,97.94399986267089,104.87910339355469,103.26936916351319,0.015219701205771319,-0.038765979899867076,0.03161378646167382,30.425451476535443,9060154.3,3.6685714721679688,1,SELL
TPR,139.94000244140625,145.89850082397462,141.46260040283204,132.16119049072265,-0.02812697338184411,-0.03900558210574234,0.020746811948116103,38.47649207704716,2843048.2,5.292144775390625,3,HOLD
PEP,137.17999267578125,142.082999420166,146.39179901123046,148.96494705200195,-0.02819503317565053,-0.039221222519912446,0.019259773627898095,43.34841566475797,10118011.05,3.8642850603376115,2,SELL
HII,285.7099914550781,287.8555023193359,307.9882293701172,344.73559646606446,0.02416026886361422,-0.0396948036928404,0.020864929585893272,41.104381774359524,485856.95,8.391355242047991,1,SELL
ULTA,458.7300109863281,464.03649749755857,488.3467987060547,559.8191497802734,0.008685545137503192,-0.040112959102294066,0.02193026139448558,53.56059654960277,762813.9,13.970354352678571,2,SELL
TAP,38.8849983215332,39.929249954223636,40.46891479492187,44.082462253570554,-0.003970353236659174,-0.04035049648962186,0.018405205817319484,48.925074827754514,3364730.75,1.227142606462751,2,SELL
DOV,212.02999877929688,220.13849945068358,217.52588806152343,202.53402740478515,-0.02366809150889171,-0.04045799154645002,0.01799898083233949,40.068031377059285,1151629.65,5.505714416503906,3,HOLD
AZO,3003.989990234375,3088.5050048828125,3224.8998046875,3572.3124475097657,-0.06654752531987529,-0.042629275680224676,0.023828553636733474,46.89259836266968,516853.85,101.19356863839286,2,SELL
DPZ,301.9599914550781,304.37986755371094,311.07054016113284,376.1194906616211,-0.007298314399886818,-0.04363758570375864,0.026220978728075644,43.59107337371848,979971.65,11.193566458565849,1,SELL
CARR,68.12000274658203,70.99999923706055,67.66764823913574,59.977094955444336,-0.054807783612712546,-0.043795553210905336,0.02461078725395471,46.47090453707154,5547808.95,2.3355723789760043,4,HOLD
EL,82.73999786376953,83.99599990844726,83.25579498291016,92.23172760009766,0.0032738770349214352,-0.04413123616643366,0.023937146828457063,50.769227544634056,3445583.1,2.938929421561105,3,HOLD
LULU,115.95500183105469,114.77174949645996,122.36609924316406,163.6875244140625,-0.0038230213830821036,-0.04453690468122695,0.027156865661442386,55.93604303813921,3533004.65,4.6335650852748325,2,SELL
TEL,201.30999755859375,204.47650146484375,206.52745025634766,219.8687052154541,-0.0006453776868391436,-0.04551707333377808,0.022444888670546632,38.68218025427102,2375780.4,6.684285845075335,1,SELL
NKE,42.572898864746094,43.26064491271973,43.67325782775879,56.401411895751956,-0.01131218051579208,-0.04651965487456777,0.0234581925579712,42.76601691939041,28789125.05,1.4857142312186105,1,SELL
JCI,140.0,142.93590240478517,141.71164428710938,127.39257423400879,-0.033149191647752096,-0.04983158532449272,0.026463271150772245,45.537487811044095,5062167.4,5.489287240164621,4,HOLD
ICE,133.91000366210938,132.95182266235352,143.51722015380858,155.2911410522461,0.056655883492351844,-0.05052738585135397,0.022568870141425827,48.95450045279018,5007118.85,4.297855922154018,2,SELL
IRM,118.76000213623047,125.08391990661622,125.27853576660156,103.99197063446044,-0.025758813374434864,-0.05206960485237522,0.020813484978020335,39.63377021984348,1790718.95,4.487857818603516,2,SELL
ROL,45.04999923706055,44.567000007629396,48.819130859375,55.81206281661987,0.0690555265676378,-0.05217756376877014,0.018520165023240776,49.57445841453091,4451642.9,1.187857219151088,2,SELL
CLX,93.33999633789062,95.91250038146973,93.71660018920899,104.57653118133545,-0.03194359976711436,-0.05219340824363483,0.02062972550084058,46.18266217360697,2325650.75,2.9232150486537387,3,HOLD
SNPS,440.9700012207031,451.47450103759763,479.5374011230469,456.14635147094725,-0.029833009031331237,-0.052227713729145586,0.01586898142370636,37.61477773454802,2014298.45,16.087147303989955,1,SELL
FCX,60.86000061035156,64.0125,63.347800216674806,55.265591335296634,0.005451872422101545,-0.05276263641476164,0.0336804483083067,30.82320392503493,15572829.8,2.6328511919294084,3,HOLD
EME,783.8099975585938,814.9809936523437,850.6885998535156,736.8806820678711,-0.025511940491160234,-0.05311801466825661,0.032269138741482,42.57553677760227,466025.1,34.498570033482146,2,SELL
KR,59.63999938964844,59.417499732971194,62.954558486938474,65.32051248550415,0.06045514953253339,-0.05318307984683801,0.026414553374700642,43.118687628872436,9500284.6,1.989285605294364,1,SELL
MSFT,380.80999755859375,380.94849548339846,404.1222119140625,441.3204595947266,-0.009029877255454122,-0.056022423584827785,0.023746633357397157,50.944330905173764,47776805.0,12.419998168945312,2,SELL
ORLY,84.4749984741211,88.53675003051758,90.09749969482422,94.44637477874755,-0.08862880300902198,-0.05603977549851735,0.022682707455454747,42.05626323292165,8987616.6,2.797142573765346,1,SELL
MAR,371.5400085449219,383.8470031738281,373.1669091796875,325.50874130249025,0.008742401055255922,-0.05607067307230096,0.014301331027736171,29.81629110194902,1648513.65,8.844281877790179,3,HOLD
GFS,70.88999938964844,78.64972915649415,76.29867416381836,49.73530830383301,-0.0820924989214824,-0.05670800963708256,0.0490780527674624,40.114556788013424,3013990.1,5.3326999663983035,3,HOLD
VICI,25.954999923706055,26.881226348876954,27.438112716674805,27.967700786590576,-0.011990884224157838,-0.05813219972402672,0.01766602917496912,42.39629991632269,11528626.5,0.6069284166608538,1,SELL
LHX,290.2550048828125,297.3422515869141,304.3477001953125,315.80705169677736,-0.006758395884288615,-0.05813352293967733,0.022230460819017892,34.116589902107734,1579987.7,8.882075718470983,1,SELL
AKAM,129.7100067138672,122.14250106811524,132.04820068359376,101.69710006713868,0.1498094984577545,-0.058776511053072356,0.03664270314561823,52.127911262439234,4055593.15,6.15142822265625,3,SELL
PFE,24.184999465942383,24.781249904632567,25.414000587463377,25.286771669387818,0.01277220753327657,-0.05894946505922949,0.015411235831268692,32.59780270571606,50889494.9,0.6307141440255302,1,SELL
COST,910.77001953125,955.4809967041016,986.920048828125,955.1332498168945,-0.015032350607034672,-0.059695026503557624,0.01563807699955559,32.88587202365187,2592896.6,20.754651750837052,2,SELL
WMT,111.73999786376953,116.09549942016602,121.5169595336914,116.84821506500244,0.026833285950507157,-0.060060561529354795,0.01598914060821503,35.35074604415048,23595917.45,2.79071535382952,1,SELL
FANG,182.55999755859375,183.6375,193.29135009765625,168.12535789489746,0.06164218673452604,-0.060131834865405076,0.0190528457875595,46.54683147223914,2556707.0,4.892427716936384,3,SELL
MDLZ,58.55500030517578,60.424411392211915,60.70293632507324,57.77533138275147,-0.013395083224677085,-0.06172225678230503,0.01865835980619226,43.77992670800342,10285360.7,1.6093859950166605,2,SELL
ARES,121.23999786376953,121.60601119995117,122.20712280273438,134.20424743652345,0.06697175740821071,-0.062389135228823944,0.029562282008967346,41.92594859315357,2488132.0,5.449357169015067,1,SELL
STZ,131.3300018310547,140.1074996948242,143.18660034179686,144.4901125717163,-0.040546484904857794,-0.06253119234657722,0.02209154413791098,36.54320416201547,2621251.4,4.828574044363839,1,SELL
FDX,309.06500244140625,321.5684982299805,316.94102661132814,264.6769520568848,-0.01537166517525368,-0.06491066764144882,0.02498833111329982,38.8504203318116,2306525.7,10.490198339724527,3,HOLD
CME,239.2550048828125,242.60474853515626,264.5563000488281,274.3407278442383,0.03573595187364709,-0.06519105024394745,0.02408764065742524,39.9272243127994,4135386.8,7.885001046316964,1,SELL
TEAM,89.37000274658203,84.24699974060059,87.75929977416992,113.97287490844727,0.07454616705704975,-0.06526511686993897,0.03876280124988773,56.84818788282042,4350788.1,5.131213051932199,2,SELL
ARE,48.77000045776367,51.30093841552734,48.39165046691895,52.634939956665036,-0.07998487074177474,-0.06685636438018516,0.0259009925809181,50.63748488500777,1731454.35,1.8995526114578694,3,HOLD
CVX,174.2550048828125,175.09025039672852,182.47532806396484,170.32271347045898,0.05169293448731249,-0.06695753904386481,0.01751224391544411,44.86327897557414,10109787.9,3.633573259626116,2,SELL
SOLV,76.88500213623047,77.06824951171875,75.46129974365235,74.61407506942749,-0.018698102953690676,-0.06760850121440232,0.018407638670392197,56.77251515767044,1377664.3,2.221428462437221,4,HOLD
QCOM,191.47000122070312,198.83649978637695,206.0488003540039,167.96554344177247,0.05249561976627182,-0.06790963427411367,0.04494975547325061,39.27359494861158,20959737.2,13.98428453717913,2,SELL
EMN,67.14540100097656,70.30849800109863,71.86837234497071,67.23943647384644,0.0008258259965747694,-0.06891959900270128,0.022330688589931442,32.31616328890708,1266341.6,2.046428680419922,1,SELL
CRM,162.7100067138672,160.45649948120118,172.96264190673827,209.71500450134278,-0.003185621682793127,-0.06968951301042425,0.023956709628955488,59.17442349015915,16425059.3,6.227143423897879,2,SELL
ADBE,220.94000244140625,208.50000076293946,232.9578009033203,285.843150177002,0.047208298964654505,-0.07121238478934555,0.030489965475600966,78.82192560633979,8881834.7,7.894999912806919,1,SELL
ADSK,208.08999633789062,199.9099998474121,222.90800018310546,261.7628498840332,0.04170005036103275,-0.07135846734426454,0.0278774605049071,65.22089667448883,3426655.8,7.721430097307477,2,SELL
DECK,104.38500213623047,106.14375,104.5874998474121,102.22027496337891,0.04041662744115149,-0.07196835863362483,0.025378816181816092,48.04281050715503,2174798.65,3.9607140677315846,4,HOLD
INTU,272.2950134277344,270.2542495727539,323.29710083007814,495.6995338439941,0.019526086257525277,-0.07313290707616604,0.02570730171618419,52.05630147585255,5612361.7,11.945712498256139,2,SELL
COP,108.16999816894531,109.03950004577636,115.19109069824219,104.84377029418945,0.04795579238231351,-0.07380771195315572,0.022667141152548226,43.87096853583676,8224190.2,2.5596417018345425,2,SELL
DXCM,72.36000061035156,71.64050025939942,68.55319999694824,67.11535001754761,0.05082776603219852,-0.07456198553547244,0.023420204862069124,52.91086420500396,4917661.65,2.463341849190848,4,HOLD
XOM,137.63999938964844,139.88999938964844,146.82799926757812,134.85234855651856,0.009979458633207594,-0.0756833254670628,0.01720748728053394,42.85054707767757,17967600.85,2.9171371459960938,2,SELL
MRVL,246.35000610351562,273.1655014038086,229.87960021972657,125.92162296295166,-0.09446786562258891,-0.07692595325120599,0.06816182662939844,38.9759578122505,51257667.55,24.580716814313615,2,HOLD
T,20.924999237060547,22.020250034332275,23.67949993133545,25.241589260101318,0.021728501209508755,-0.07859973224889094,0.021846614307121436,35.1324680944892,72938147.0,0.7282142639160156,1,SELL
APA,33.64500045776367,34.044749927520755,36.57450016021728,30.187760982513428,0.05569499754594198,-0.08098880369178496,0.0278301687179095,48.455285124373624,5904630.55,1.111429078238351,3,SELL
HAS,77.41999816894531,82.275,87.55779983520507,86.02474040985108,-0.049594904995492683,-0.08117735335712817,0.015529117517961639,31.80996143551988,2012667.85,2.099285125732422,1,SELL
VZ,42.02000045776367,44.87550010681152,46.303199996948244,43.686615772247315,0.000714426722975281,-0.08213190086919775,0.021174626893415698,31.739961619619947,35173570.2,1.450714111328125,1,SELL
NFLX,74.7155990600586,76.00577888488769,82.77191116333007,95.18337787628174,0.007084466927568256,-0.08223073702140804,0.026014822996529036,44.83437870944632,48637906.7,2.654999324253627,1,SELL
TJX,151.1999969482422,159.4029998779297,156.6508724975586,152.68767776489258,-0.0009911407282722218,-0.08291380223083555,0.017604370037798783,26.98466243505233,6164062.25,3.9535631452287947,2,HOLD
GNRC,239.24000549316406,266.9435012817383,265.57560150146486,201.23640029907227,-0.11464730807337997,-0.08333647095690888,0.05112250342412097,41.50433909536789,1003707.8,17.334286281040736,3,HOLD
F,13.6899995803833,14.037000036239624,13.901397495269775,12.926055455207825,0.00366563312331758,-0.0842809528399433,0.019745169469831476,44.53440216959037,52102553.85,0.44642836706978933,3,HOLD
CBOE,266.07000732421875,260.4835014343262,302.41657501220703,274.6894815826416,0.07407559346476389,-0.08441155631138897,0.03494367197638479,56.92214049142185,1831638.4,12.168927873883929,2,SELL
LEN,84.73999786376953,89.26449928283691,88.70999938964843,105.57019104003906,-0.026648285778583802,-0.08448573791149772,0.030722957093471833,46.63572230201055,3040656.25,3.037792750767299,3,HOLD
WYNN,98.36000061035156,101.30749969482422,101.57107315063476,111.86875846862793,0.023410675119251545,-0.08451230104919794,0.01737064899889674,39.330105715077096,1496194.0,3.033929007393973,1,SELL
GM,76.62000274658203,78.7419994354248,78.7863996887207,75.42526670455932,0.014565759433420533,-0.0852435435476192,0.02011871301922349,36.642614814371065,8512245.55,2.0592847551618303,2,SELL
WY,22.46500015258789,24.200750064849853,24.00290008544922,23.981422271728515,-0.04647705170525962,-0.08864095333696642,0.018210484027240785,32.586387136183845,5974460.4,0.6539290291922433,2,HOLD
WHR,37.724998474121094,38.92324962615967,42.590299682617186,63.684486103057864,-0.060866313325211974,-0.08964769005068185,0.03280939404997604,46.4047110992265,2521009.0,2.0842857360839844,2,SELL
CE,46.279998779296875,49.128499794006345,54.172599945068356,49.76287704467774,0.023893761020529425,-0.09112332200511042,0.028380432436360143,33.37809860982553,1695479.3,2.081785202026367,1,SELL
BSX,44.4900016784668,45.135999870300296,50.135599822998046,77.36120000839233,0.03320948117904088,-0.09129896833318141,0.02016279613474846,47.713719955437014,20523345.15,1.4335714067731584,2,SELL
EPAM,86.87000274658203,85.15449981689453,95.32380035400391,149.9405997467041,0.01912253547234455,-0.0917929810688124,0.042299044181340006,48.88291498308288,1856655.15,4.653570992606027,2,SELL
ODFL,225.6999969482422,224.0374984741211,217.77759887695314,180.95710147857665,0.0355110570561501,-0.0925903557065314,0.024957772040870824,63.107136317661826,1872870.25,6.29999760219029,4,HOLD
MPWR,1387.97998046875,1427.9595886230468,1520.0903686523438,1174.301012878418,0.04223829216505348,-0.09261359555529314,0.05325471891652022,46.40563096893778,1189047.4,97.5884014010757,3,SELL
BG,114.44000244140625,114.08500061035156,120.4840249633789,108.17197177886963,0.09104779394917517,-0.09662139117684732,0.021369390515089112,46.90909817277489,1776188.1,3.457141331263951,3,SELL
CPRT,28.045000076293945,29.713749980926515,31.538700065612794,37.185625047683715,-0.025877068966385308,-0.10427976510187931,0.027406699274939116,42.329691021416465,13967695.65,1.0546430860246931,1,SELL
BKR,56.88999938964844,58.02050018310547,62.54225128173828,55.51184131622315,0.05704198647774161,-0.10479936943143486,0.021370517775273233,39.66190085957156,9532701.15,1.8614283970424108,2,SELL
SBAC,182.66000366210938,188.14150009155273,200.05143249511718,193.2645164489746,0.010567101865058826,-0.1080183379677987,0.01905964452373915,39.59839738017402,1092059.65,5.436427525111607,1,SELL
BWA,65.22000122070312,68.86799983978271,66.6881999206543,53.07617551803589,0.013362346211868159,-0.10986755549585603,0.024392911620392074,36.414710936373666,2815212.75,2.385714667184012,3,HOLD
NUE,225.0800018310547,239.629736328125,237.6959323120117,181.89836380004883,0.02766869436754793,-0.11279971596778426,0.02394429692019274,29.104394468654817,1865217.85,7.578151365442267,3,HOLD
FSLR,231.25,246.41400222778321,247.8018032836914,235.40775131225587,-0.0035763608432702876,-0.11800603437699986,0.03467111513071674,34.890273900639045,1945489.8,12.49428231375558,1,SELL
APTV,60.27000045776367,62.24799976348877,61.400599822998046,72.93469989776611,-0.00016586466051216053,-0.1198890551505597,0.025705081454187807,42.2155791208751,2845228.85,2.309979030064174,2,HOLD
AMT,164.89999389648438,174.44899139404296,178.07425506591798,177.19280288696288,-0.007105057331169062,-0.12763158234624783,0.020665419339866774,33.096671741248585,3640339.75,5.595711844308036,1,SELL
LDOS,106.6875,108.60597229003906,121.54330551147461,165.3258080673218,0.0350975096137256,-0.13322244278428874,0.025042838939517167,46.009865620688934,2049764.2,3.8714283534458707,2,SELL
LYB,55.06999969482422,57.76750030517578,65.61240020751953,56.71153018951416,0.047356367003754896,-0.13466372999711562,0.019404841503125287,25.579702713438536,5765528.35,1.9592781066894531,1,SELL
HAL,34.14509963989258,35.430254745483396,38.71290191650391,32.85911512374878,0.034386591217089535,-0.13818524582508718,0.020488569472080942,37.16967808696404,12683878.7,1.0364281790597099,2,SELL
DOW,28.465900421142578,30.22329502105713,34.13581207275391,29.428016481399535,0.05351221091350711,-0.14310959135659906,0.02208132964428089,27.115642378069765,13317343.05,1.1381425857543945,1,SELL
ON,100.09500122070312,107.19925003051758,110.6206997680664,71.92807497024536,0.05775128527849316,-0.14448716905381942,0.07736923300408863,43.11483566678288,14469927.7,9.506428854806083,1,SELL
CSGP,29.020000457763672,30.32100009918213,32.28880004882812,53.046200046539305,-0.011580386427785583,-0.1447096906351375,0.031718298375663374,44.21222530505306,6872438.15,1.359285490853446,1,SELL
SLB,47.32500076293945,48.98225021362305,53.165100021362306,45.433376197814944,0.04956754497201499,-0.1526409658745438,0.021198005398029848,34.22571238737629,16935180.5,1.2678571428571428,2,SELL
ENPH,45.115299224853516,48.41076507568359,49.71550594329834,39.781226558685304,-0.03682111276934075,-0.15688094487010174,0.0504948917550808,44.53849763591735,6892952.5,4.067856924874442,2,SELL
ALB,128.39999389648438,146.20450744628906,166.85655670166017,149.30771396636962,-0.05643744731944633,-0.1574856356522376,0.03650818626684556,13.023256639198891,2558066.35,7.2842848641531805,1,SELL
CCI,76.61000061035156,82.19741592407226,86.48761398315429,86.61767612457275,0.0010453656387137134,-0.1627530373824373,0.024024969746101275,32.545737845957746,4658859.2,3.0596422467912947,1,SELL
IT,131.47000122070312,135.97449989318847,148.11219955444335,193.04544994354248,-0.017120165820698974,-0.164739477009347,0.03266927005854506,48.01056115638677,1477749.4,6.401072910853794,2,SELL
STLD,224.0968017578125,246.87623596191406,244.9886325073242,189.62153366088867,0.010537550995946443,-0.16751279163876387,0.028789802117429743,23.31691888905263,1379274.35,9.08253780723715,3,HOLD
CTSH,43.55500030517578,44.23875007629395,48.82687812805176,65.06642921447754,0.060506467709195766,-0.1772761345860394,0.03980386871729375,37.98767738391236,14646923.35,2.4342850276402066,1,SELL
SWKS,60.400001525878906,68.50100059509278,70.60725601196289,64.79277809143066,-0.08387682016835585,-0.17890152894896894,0.03375138681695762,33.10761374840516,5564930.1,3.9364283425467357,1,SELL
MSTR,95.7249984741211,103.95374908447266,138.9286994934082,176.40847526550294,0.02500266730627554,-0.18197742932687966,0.06033477516799209,35.722605147167926,27134436.35,9.023936680385045,0,SELL
ACN,138.41000366210938,141.56600112915038,163.03020080566407,217.30169143676758,0.05551741407927824,-0.2021098594101436,0.04960434200212329,37.636976537294885,12807720.5,8.00642830984933,1,SELL
FOXA,53.459999084472656,54.52699966430664,60.68740005493164,63.141877517700195,-0.012377645860369935,-0.21750586470622202,0.04597918300239481,56.26463734232542,10708111.55,2.156429018293108,2,SELL
SMCI,28.80500030517578,29.82574987411499,33.411699829101565,34.66172491073608,0.041772177308510905,-0.2912155330269811,0.08919964053463442,52.35037765155813,73740249.1,2.4128566469464983,1,SELL
ORCL,144.5399932861328,163.22500076293946,183.5800003051758,195.90320640563965,0.01431574235882671,-0.2977017880534082,0.030451443795493353,14.930706810026393,34919770.1,7.7421417236328125,1,SELL
